Parroquia,Casos_10_04_2020,Porcentaje_10_04_2020,Casos_11_04_2020,Porcentaje_11_04_2020,Casos_12_04_2020,Porcentaje_12_04_2020,Casos_13_04_2020,Porcentaje_13_04_2020,Casos_14_04_2020,Porcentaje_14_04_2020,Casos_15_04_2020,Porcentaje_15_04_2020,Casos_16_04_2020,Porcentaje_16_04_2020,Casos_17_04_2020,Porcentaje_17_04_2020,Casos_18_04_2020,Porcentaje_18_04_2020,Casos_19_04_2020,Porcentaje_19_04_2020,Casos_20_04_2020,Porcentaje_20_04_2020,Casos_21_04_2020,Porcentaje_21_04_2020,Casos_22_04_2020,Porcentaje_22_04_2020,Casos_23_04_2020,Porcentaje_23_04_2020,Casos_29_04_2020,Porcentaje_29_04_2020,Casos_30_04_2020,Porcentaje_30_04_2020,Casos_01_05_2020,Porcentaje_01_05_2020,Casos_02_05_2020,Porcentaje_02_05_2020,Casos_03_05_2020,Porcentaje_03_05_2020,Casos_04_05_2020,Porcentaje_04_05_2020,Casos_06_05_2020,Porcentaje_06_05_2020,Casos_07_05_2020,Porcentaje_07_05_2020,Casos_08_05_2020,Porcentaje_08_05_2020,Casos_09_05_2020,Porcentaje_09_05_2020,Casos_12_05_2020,Porcentaje_12_05_2020,Casos_13_05_2020,Porcentaje_13_05_2020,Casos_15_05_2020,Porcentaje_15_05_2020,Casos_16_05_2020,Porcentaje_16_05_2020,Casos_17_05_2020,Porcentaje_17_05_2020,Casos_18_05_2020,Porcentaje_18_05_2020,Casos_19_05_2020,Porcentaje_19_05_2020,Casos_23_05_2020,Porcentaje_23_05_2020,Casos_24_05_2020,Porcentaje_24_05_2020,Casos_25_05_2020,Porcentaje_25_05_2020,Casos_26_05_2020,Porcentaje_26_05_2020,Casos_27_05_2020,Porcentaje_27_05_2020,Casos_28_05_2020,Porcentaje_28_05_2020,Casos_31_05_2020,Porcentaje_31_05_2020,Casos_01_06_2020,Porcentaje_01_06_2020,Casos_02_06_2020,Porcentaje_02_06_2020,Casos_03_06_2020,Porcentaje_03_06_2020,Casos_05_06_2020,Porcentaje_05_06_2020,Casos_06_06_2020,Porcentaje_06_06_2020,Casos_07_06_2020,Porcentaje_07_06_2020,Casos_08_06_2020,Porcentaje_08_06_2020,Casos_10_06_2020,Porcentaje_10_06_2020,Casos_11_06_2020,Porcentaje_11_06_2020,Casos_12_06_2020,Porcentaje_12_06_2020,Casos_13_06_2020,Porcentaje_13_06_2020,Casos_14_06_2020,Porcentaje_14_06_2020,Casos_15_06_2020,Porcentaje_15_06_2020,Casos_16_06_2020,Porcentaje_16_06_2020,Casos_17_06_2020,Porcentaje_17_06_2020,Casos_18_06_2020,Porcentaje_18_06_2020,Casos_19_06_2020,Porcentaje_19_06_2020,Casos_20_06_2020,Porcentaje_20_06_2020,Casos_21_06_2020,Porcentaje_21_06_2020,Casos_22_06_2020,Porcentaje_22_06_2020,Casos_23_06_2020,Porcentaje_23_06_2020,Casos_24_06_2020,Porcentaje_24_06_2020,Casos_26_06_2020,Porcentaje_26_06_2020,Casos_27_06_2020,Porcentaje_27_06_2020,Casos_28_06_2020,Porcentaje_28_06_2020,Casos_29_06_2020,Porcentaje_29_06_2020,Casos_30_06_2020,Porcentaje_30_06_2020,Casos_01_07_2020,Porcentaje_01_07_2020,Casos_02_07_2020,Porcentaje_02_07_2020,Casos_05_07_2020,Porcentaje_05_07_2020,Casos_07_07_2020,Porcentaje_07_07_2020,Casos_09_07_2020,Porcentaje_09_07_2020,Casos_10_07_2020,Porcentaje_10_07_2020
CAYAMBE,1,0.17%,1,0.17%,1,0.16%,1,0.16%,1,0.15%,1,0.15%,1,0.14%,1,0.13%,1,0.13%,1,0.12%,1,0.12%,1,0.12%,1,0.11%,1,0.10%,3,0.22%,3,0.21%,4,0.27%,4,0.25%,4,0.24%,4,0.23%,6,0.31%,6,0%,6,0.30%,6,0.29%,6,0.26%,6,0.26%,6,0.24%,6,0.24%,6,0.23%,6,0.22%,6,0.21%,7,0.21%,7,0.21%,7,0.20%,7,0.19%,11,0.29%,11,0.29%,11,0.28%,13,0.32%,13,0.32%,13,0.31%,15,0.34%,15,0.33%,19,0.41%,19,0.40%,19,0.39%,19,0.38%,21,0.42%,28,0.54%,28,0.54%,28,0.53%,28,0.51%,28,0.51%,29,0.51%,29,0.50%,29,0.49%,29,0.48%,29,0.47%,29,0.46%,30,0.46%,32,0.47%,32,0.47%,32,0.46%,33,0.47%,35,0.48%,45,0.57%,50,0.61%,62,0.69%,67,0.73%,68,0.71%,69,0.70%
ALOAG,2,0.35%,2,0.33%,2,0.32%,2,0.32%,2,0.31%,3,0.45%,3,0.41%,3,0.39%,3,0.38%,3,0.37%,3,0.36%,3,0.35%,3,0.32%,3,0.30%,4,0.30%,5,0.35%,6,0.40%,6,0.38%,7,0.41%,7,0.40%,7,0.37%,7,0%,8,0.40%,8,0.39%,7,0.30%,7,0.30%,8,0.32%,8,0.32%,8,0.31%,10,0.37%,10,0.35%,13,0.39%,13,0.38%,13,0.37%,13,0.36%,13,0.34%,13,0.34%,14,0.36%,17,0.42%,18,0.44%,17,0.41%,18,0.41%,20,0.45%,21,0.46%,21,0.45%,21,0.43%,21,0.42%,22,0.43%,23,0.44%,23,0.44%,24,0.45%,25,0.46%,25,0.45%,25,0.44%,25,0.43%,25,0.42%,27,0.45%,27,0.44%,27,0.43%,28,0.43%,31,0.46%,32,0.47%,32,0.46%,32,0.45%,33,0.46%,35,0.44%,37,0.45%,37,0.41%,56,0.61%,56,0.58%,56,0.57%
CUTUGLAHUA,2,0.35%,2,0.33%,3,0.48%,3,0.48%,3,0.46%,3,0.45%,3,0.41%,3,0.39%,3,0.38%,3,0.37%,3,0.36%,3,0.35%,3,0.32%,3,0.30%,4,0.30%,4,0.28%,4,0.27%,4,0.25%,4,0.24%,5,0.29%,5,0.26%,6,0%,6,0.30%,6,0.29%,8,0.34%,8,0.34%,8,0.32%,8,0.32%,8,0.31%,9,0.34%,10,0.35%,11,0.33%,11,0.32%,13,0.37%,15,0.41%,15,0.40%,15,0.39%,15,0.38%,22,0.54%,22,0.54%,22,0.53%,23,0.53%,23,0.51%,24,0.52%,24,0.51%,25,0.51%,25,0.51%,27,0.53%,28,0.54%,28,0.54%,28,0.53%,30,0.55%,30,0.54%,32,0.57%,32,0.56%,33,0.56%,34,0.56%,34,0.55%,34,0.54%,34,0.53%,35,0.52%,38,0.55%,38,0.54%,38,0.54%,38,0.53%,38,0.48%,40,0.48%,40,0.45%,47,0.51%,48,0.50%,49,0.50%
MACHACHI,7,1.21%,11,1.82%,12,1.91%,12,1.91%,12,1.86%,13,1.93%,14,1.90%,14,1.80%,14,1.76%,15,1.83%,15,1.78%,15,1.73%,16,1.73%,16,1.61%,19,1.41%,20,1.41%,20,1.33%,21,1.32%,22,1.30%,21,1.21%,22,1.15%,22,1%,23,1.16%,23,1.11%,25,1.07%,25,1.07%,29,1.17%,31,1.23%,33,1.28%,34,1.27%,35,1.23%,47,1.41%,48,1.41%,51,1.44%,54,1.49%,54,1.43%,56,1.45%,58,1.47%,62,1.53%,63,1.54%,68,1.63%,71,1.62%,73,1.63%,75,1.63%,77,1.63%,80,1.63%,82,1.66%,84,1.66%,88,1.70%,88,1.68%,92,1.73%,94,1.72%,94,1.70%,96,1.70%,96,1.67%,99,1.68%,103,1.70%,103,1.67%,104,1.66%,106,1.64%,110,1.63%,111,1.62%,114,1.63%,120,1.69%,121,1.68%,127,1.60%,132,1.60%,151,1.69%,155,1.69%,158,1.64%,161,1.63%
MANUEL CORNEJO ASTORGA,2,0.35%,2,0.33%,2,0.32%,2,0.32%,2,0.31%,2,0.30%,2,0.27%,2,0.26%,2,0.25%,2,0.24%,2,0.24%,2,0.23%,2,0.22%,2,0.20%,2,0.15%,2,0.14%,2,0.13%,2,0.13%,2,0.12%,2,0.12%,2,0.10%,2,0%,2,0.10%,2,0.10%,2,0.09%,2,0.09%,2,0.08%,2,0.08%,2,0.08%,2,0.07%,2,0.07%,2,0.06%,2,0.06%,2,0.06%,2,0.06%,2,0.05%,2,0.05%,2,0.05%,2,0.05%,2,0.05%,2,0.05%,2,0.05%,2,0.04%,2,0.04%,2,0.04%,2,0.04%,2,0.04%,2,0.04%,2,0.04%,2,0.04%,2,0.04%,2,0.04%,2,0.04%,2,0.04%,2,0.03%,2,0.03%,2,0.03%,2,0.03%,2,0.03%,2,0.03%,2,0.03%,2,0.03%,2,0.03%,2,0.03%,2,0.03%,2,0.03%,2,0.02%,2,0.02%,2,0.02%,5,0.05%,5,0.05%
MALCHINGUI,1,0.17%,1,0.17%,1,0.16%,1,0.16%,1,0.15%,1,0.15%,1,0.14%,1,0.13%,1,0.13%,1,0.12%,1,0.12%,1,0.12%,1,0.11%,1,0.10%,1,0.07%,1,0.07%,1,0.07%,1,0.06%,1,0.06%,1,0.06%,1,0.05%,1,0%,1,0.05%,1,0.05%,1,0.04%,1,0.04%,1,0.04%,1,0.04%,1,0.04%,1,0.04%,1,0.04%,1,0.03%,1,0.03%,1,0.03%,1,0.03%,1,0.03%,1,0.03%,1,0.03%,1,0.02%,1,0.02%,1,0.02%,1,0.02%,1,0.02%,1,0.02%,1,0.02%,1,0.02%,1,0.02%,1,0.02%,1,0.02%,1,0.02%,1,0.02%,1,0.02%,1,0.02%,1,0.02%,1,0.02%,1,0.02%,1,0.02%,1,0.02%,1,0.02%,1,0.02%,1,0.01%,1,0.01%,1,0.01%,1,0.01%,1,0.01%,1,0.01%,1,0.01%,1,0.01%,1,0.01%,2,0.02%,2,0.02%
TABACUNDO,1,0.17%,1,0.17%,1,0.16%,1,0.16%,1,0.15%,1,0.15%,1,0.14%,1,0.13%,1,0.13%,1,0.12%,1,0.12%,1,0.12%,1,0.11%,1,0.10%,1,0.07%,1,0.07%,1,0.07%,1,0.06%,1,0.06%,1,0.06%,1,0.05%,1,0%,1,0.05%,2,0.10%,2,0.09%,2,0.09%,2,0.08%,2,0.08%,2,0.08%,2,0.07%,3,0.11%,3,0.09%,3,0.09%,3,0.08%,3,0.08%,3,0.08%,3,0.08%,3,0.08%,3,0.07%,3,0.07%,3,0.07%,3,0.07%,3,0.07%,3,0.07%,3,0.06%,3,0.06%,3,0.06%,3,0.06%,3,0.06%,3,0.06%,3,0.06%,3,0.05%,3,0.05%,3,0.05%,3,0.05%,3,0.05%,4,0.07%,4,0.06%,4,0.06%,4,0.06%,4,0.06%,4,0.06%,4,0.06%,4,0.06%,4,0.06%,6,0.08%,6,0.07%,6,0.07%,6,0.07%,8,0.08%,8,0.08%
PEDRO VICENTE MALDONADO,3,0.52%,3,0.50%,3,0.48%,3,0.48%,3,0.46%,3,0.45%,3,0.41%,3,0.39%,3,0.38%,3,0.37%,3,0.36%,3,0.35%,3,0.32%,3,0.30%,3,0.22%,3,0.21%,3,0.20%,3,0.19%,3,0.18%,3,0.17%,3,0.16%,3,0%,3,0.15%,3,0.15%,4,0.17%,4,0.17%,5,0.20%,5,0.20%,5,0.19%,5,0.19%,5,0.18%,5,0.15%,5,0.15%,5,0.14%,5,0.14%,5,0.13%,5,0.13%,5,0.13%,5,0.12%,5,0.12%,5,0.12%,5,0.11%,5,0.11%,5,0.11%,5,0.11%,5,0.10%,5,0.10%,5,0.10%,5,0.10%,5,0.10%,5,0.09%,5,0.09%,5,0.09%,5,0.09%,5,0.09%,5,0.08%,5,0.08%,5,0.08%,5,0.08%,5,0.08%,5,0.07%,5,0.07%,5,0.07%,5,0.07%,5,0.07%,5,0.06%,5,0.06%,5,0.06%,5,0.05%,5,0.05%,5,0.05%
SAN PEDRO DE TABOADA,2,0.35%,2,0.33%,2,0.32%,2,0.32%,2,0.31%,2,0.30%,2,0.27%,2,0.26%,2,0.25%,2,0.24%,2,0.24%,2,0.23%,2,0.22%,2,0.20%,3,0.22%,3,0.21%,3,0.20%,3,0.19%,3,0.18%,3,0.17%,3,0.16%,3,0%,3,0.15%,3,0.15%,3,0.13%,3,0.13%,3,0.12%,3,0.12%,3,0.12%,3,0.11%,3,0.11%,3,0.09%,3,0.09%,3,0.08%,3,0.08%,3,0.08%,3,0.08%,3,0.08%,3,0.07%,3,0.07%,4,0.10%,4,0.09%,5,0.11%,6,0.13%,6,0.13%,7,0.14%,7,0.14%,7,0.14%,7,0.14%,7,0.13%,10,0.19%,11,0.20%,11,0.20%,12,0.21%,12,0.21%,12,0.20%,14,0.23%,14,0.23%,14,0.22%,19,0.29%,24,0.36%,25,0.36%,24,0.34%,24,0.34%,24,0.33%,24,0.30%,24,0.29%,30,0.34%,30,0.33%,33,0.34%,33,0.33%
SAN RAFAEL,1,0.17%,1,0.17%,1,0.16%,1,0.16%,1,0.15%,1,0.15%,1,0.14%,1,0.13%,1,0.13%,1,0.12%,2,0.24%,3,0.35%,3,0.32%,4,0.40%,6,0.44%,6,0.42%,6,0.40%,6,0.38%,6,0.35%,7,0.40%,7,0.37%,8,0%,8,0.40%,9,0.44%,9,0.39%,9,0.38%,9,0.36%,9,0.36%,9,0.35%,9,0.34%,10,0.35%,11,0.33%,11,0.32%,12,0.34%,12,0.33%,12,0.32%,12,0.31%,13,0.33%,13,0.32%,14,0.34%,14,0.34%,15,0.34%,16,0.36%,17,0.37%,18,0.38%,18,0.37%,18,0.36%,18,0.36%,18,0.35%,18,0.34%,18,0.34%,18,0.33%,18,0.33%,18,0.32%,20,0.35%,20,0.34%,20,0.33%,20,0.32%,20,0.32%,20,0.31%,22,0.33%,22,0.32%,22,0.32%,22,0.31%,22,0.30%,22,0.28%,22,0.27%,24,0.27%,25,0.27%,26,0.27%,30,0.30%
SANGOLQUI,19,3.28%,19,3.14%,19,3.03%,19,3.03%,19,2.94%,20,2.97%,22,2.99%,26,3.34%,27,3.40%,28,3.42%,29,3.45%,30,3.46%,32,3.46%,32,3.23%,38,2.81%,38,2.68%,38,2.52%,39,2.45%,39,2.30%,39,2.25%,40,2.09%,40,2%,39,1.96%,40,1.94%,47,2.01%,47,2.01%,49,1.97%,51,2.02%,52,2.01%,55,2.05%,55,1.94%,69,2.06%,73,2.14%,78,2.20%,84,2.32%,85,2.26%,86,2.23%,87,2.21%,106,2.62%,108,2.64%,111,2.66%,114,2.61%,118,2.64%,121,2.63%,122,2.59%,137,2.80%,138,2.79%,140,2.77%,146,2.82%,147,2.81%,149,2.80%,160,2.93%,161,2.91%,163,2.89%,170,2.95%,174,2.95%,181,2.99%,181,2.93%,182,2.90%,184,2.85%,189,2.80%,197,2.88%,211,3.02%,221,3.12%,236,3.27%,241,3.04%,257,3.11%,285,3.19%,293,3.19%,310,3.22%,323,3.27%
ALANGASI,7,1.21%,7,1.16%,7,1.12%,7,1.12%,7,1.08%,7,1.04%,7,0.95%,8,1.03%,9,1.13%,9,1.10%,9,1.07%,9,1.04%,9,0.97%,9,0.91%,11,0.81%,12,0.85%,13,0.86%,15,0.94%,15,0.88%,15,0.87%,13,0.68%,13,1%,15,0.75%,15,0.73%,18,0.77%,18,0.77%,23,0.93%,25,0.99%,26,1.01%,25,0.93%,29,1.02%,30,0.90%,30,0.88%,30,0.85%,30,0.83%,30,0.80%,30,0.78%,31,0.79%,32,0.79%,35,0.86%,35,0.84%,37,0.85%,37,0.83%,37,0.80%,37,0.79%,37,0.76%,37,0.75%,37,0.73%,38,0.73%,38,0.73%,38,0.71%,38,0.70%,39,0.70%,39,0.69%,39,0.68%,37,0.63%,39,0.64%,40,0.65%,40,0.64%,40,0.62%,49,0.73%,49,0.72%,48,0.69%,48,0.68%,48,0.66%,57,0.72%,60,0.73%,78,0.87%,87,0.95%,89,0.92%,89,0.90%
AMAGUANA,3,0.52%,3,0.50%,4,0.64%,5,0.64%,6,0.93%,6,0.89%,6,0.82%,6,0.77%,6,0.76%,6,0.73%,6,0.71%,6,0.69%,20,2.16%,22,2.22%,23,1.70%,25,1.76%,25,1.66%,25,1.57%,28,1.65%,29,1.67%,31,1.62%,31,2%,36,1.81%,36,1.74%,37,1.58%,37,1.58%,37,1.49%,38,1.51%,40,1.55%,41,1.53%,42,1.48%,46,1.38%,46,1.35%,49,1.38%,49,1.35%,49,1.30%,50,1.30%,51,1.29%,52,1.29%,57,1.39%,52,1.25%,53,1.21%,53,1.18%,55,1.20%,58,1.23%,60,1.22%,61,1.23%,55,1.09%,56,1.08%,55,1.05%,56,1.05%,51,0.93%,51,0.92%,51,0.90%,52,0.90%,53,0.90%,53,0.88%,61,0.99%,53,0.84%,59,0.91%,55,0.82%,55,0.80%,56,0.80%,59,0.83%,59,0.82%,77,0.97%,79,0.96%,81,0.91%,81,0.88%,85,0.88%,85,0.86%
ATAHUALPA,3,0.52%,3,0.50%,3,0.48%,3,0.48%,3,0.46%,3,0.45%,3,0.41%,3,0.39%,3,0.38%,3,0.37%,3,0.36%,3,0.35%,3,0.32%,3,0.30%,3,0.22%,3,0.21%,3,0.20%,3,0.19%,4,0.24%,4,0.23%,4,0.21%,5,0%,5,0.25%,5,0.24%,6,0.26%,6,0.26%,6,0.24%,6,0.24%,6,0.23%,6,0.22%,6,0.21%,6,0.18%,6,0.18%,6,0.17%,6,0.17%,6,0.16%,7,0.18%,7,0.18%,7,0.17%,4,0.10%,7,0.17%,7,0.16%,7,0.16%,7,0.15%,6,0.13%,7,0.14%,7,0.14%,8,0.16%,8,0.15%,8,0.15%,8,0.15%,8,0.15%,8,0.14%,8,0.14%,8,0.14%,8,0.14%,9,0.15%,9,0.15%,9,0.14%,9,0.14%,9,0.13%,9,0.13%,9,0.13%,9,0.13%,9,0.12%,9,0.11%,9,0.11%,9,0.10%,9,0.10%,10,0.10%,10,0.10%
BELISARIO QUEVEDO,21,3.63%,24,3.96%,24,3.83%,25,3.83%,28,4.33%,31,4.60%,32,4.35%,36,4.62%,37,4.66%,40,4.88%,44,5.23%,50,5.76%,51,5.51%,53,5.35%,96,7.11%,99,6.97%,101,6.70%,111,6.97%,115,6.77%,120,6.93%,131,6.85%,134,7%,135,6.79%,147,7.12%,160,6.85%,161,6.88%,175,7.05%,179,7.10%,179,6.93%,184,6.86%,194,6.83%,237,7.09%,240,7.05%,244,6.89%,259,7.14%,262,6.95%,265,6.87%,267,6.78%,272,6.73%,266,6.51%,253,6.07%,263,6.01%,263,5.87%,267,5.81%,283,6.00%,293,5.98%,295,5.96%,282,5.57%,286,5.52%,286,5.47%,288,5.40%,316,5.79%,321,5.80%,327,5.79%,330,5.72%,350,5.93%,350,5.78%,354,5.74%,358,5.70%,369,5.72%,367,5.44%,370,5.40%,371,5.31%,376,5.31%,378,5.24%,399,5.03%,416,5.04%,439,4.92%,443,4.82%,478,4.96%,494,5.00%
CALACALI,1,0.17%,1,0.17%,1,0.16%,1,0.16%,1,0.15%,1,0.15%,1,0.14%,1,0.13%,1,0.13%,1,0.12%,1,0.12%,1,0.12%,1,0.11%,2,0.20%,4,0.30%,4,0.28%,4,0.27%,5,0.31%,5,0.29%,5,0.29%,5,0.26%,5,0%,5,0.25%,5,0.24%,5,0.21%,5,0.21%,5,0.20%,5,0.20%,5,0.19%,5,0.19%,5,0.18%,5,0.15%,5,0.15%,5,0.14%,5,0.14%,5,0.13%,5,0.13%,5,0.13%,6,0.15%,4,0.10%,4,0.10%,4,0.09%,4,0.09%,4,0.09%,6,0.13%,6,0.12%,6,0.12%,6,0.12%,6,0.12%,6,0.11%,6,0.11%,6,0.11%,6,0.11%,7,0.12%,7,0.12%,7,0.12%,7,0.12%,7,0.11%,7,0.11%,7,0.11%,7,0.10%,7,0.10%,7,0.10%,7,0.10%,7,0.10%,7,0.09%,7,0.08%,8,0.09%,8,0.09%,9,0.09%,9,0.09%
CALDERON,29,5.01%,32,5.28%,35,5.58%,35,5.58%,35,5.42%,35,5.19%,36,4.89%,40,5.13%,40,5.04%,40,4.88%,42,4.99%,42,4.84%,46,4.97%,50,5.05%,70,5.18%,71,5.00%,73,4.84%,79,4.96%,89,5.24%,89,5.14%,97,5.07%,98,5%,98,4.93%,101,4.89%,112,4.79%,112,4.79%,120,4.83%,121,4.80%,126,4.88%,125,4.66%,129,4.54%,148,4.43%,151,4.43%,156,4.41%,155,4.27%,159,4.22%,163,4.22%,164,4.16%,172,4.26%,174,4.26%,179,4.30%,190,4.34%,196,4.38%,199,4.33%,205,4.35%,209,4.27%,211,4.27%,215,4.25%,223,4.30%,225,4.30%,236,4.43%,233,4.27%,238,4.30%,245,4.34%,253,4.39%,254,4.30%,254,4.20%,254,4.12%,280,4.46%,293,4.54%,291,4.31%,294,4.29%,309,4.43%,313,4.42%,328,4.54%,382,4.82%,399,4.83%,444,4.98%,462,5.03%,488,5.06%,499,5.05%
CHAVEZPAMBA,2,0.35%,2,0.33%,2,0.32%,2,0.32%,2,0.31%,2,0.30%,3,0.41%,3,0.39%,3,0.38%,3,0.37%,3,0.36%,3,0.35%,3,0.32%,3,0.30%,4,0.30%,4,0.28%,4,0.27%,4,0.25%,4,0.24%,4,0.23%,4,0.21%,4,0%,5,0.25%,5,0.24%,4,0.17%,4,0.17%,4,0.16%,4,0.16%,4,0.15%,4,0.15%,4,0.14%,4,0.12%,4,0.12%,4,0.11%,4,0.11%,4,0.11%,4,0.10%,4,0.10%,4,0.10%,3,0.07%,3,0.07%,3,0.07%,3,0.07%,4,0.09%,4,0.08%,4,0.08%,5,0.10%,5,0.10%,5,0.10%,5,0.10%,5,0.09%,5,0.09%,5,0.09%,6,0.11%,6,0.10%,7,0.12%,7,0.12%,7,0.11%,7,0.11%,7,0.11%,7,0.10%,7,0.10%,8,0.11%,8,0.11%,8,0.11%,8,0.10%,8,0.10%,8,0.09%,9,0.10%,9,0.09%,9,0.09%
CHECA,1,0.17%,2,0.33%,2,0.32%,2,0.32%,2,0.31%,2,0.30%,2,0.27%,2,0.26%,2,0.25%,2,0.24%,2,0.24%,2,0.23%,2,0.22%,2,0.20%,2,0.15%,2,0.14%,2,0.13%,2,0.13%,3,0.18%,2,0.12%,2,0.10%,2,0%,2,0.10%,2,0.10%,2,0.09%,2,0.09%,2,0.08%,2,0.08%,2,0.08%,2,0.07%,2,0.07%,3,0.09%,3,0.09%,4,0.11%,4,0.11%,4,0.11%,4,0.10%,4,0.10%,4,0.10%,3,0.07%,4,0.10%,4,0.09%,4,0.09%,4,0.09%,4,0.08%,4,0.08%,4,0.08%,4,0.08%,4,0.08%,4,0.08%,4,0.08%,4,0.07%,4,0.07%,4,0.07%,4,0.07%,4,0.07%,4,0.07%,4,0.06%,4,0.06%,4,0.06%,4,0.06%,4,0.06%,4,0.06%,4,0.06%,4,0.06%,4,0.05%,4,0.05%,6,0.07%,6,0.07%,6,0.06%,6,0.06%
CHILIBULO,4,0.69%,4,0.66%,4,0.64%,4,0.64%,4,0.62%,4,0.59%,4,0.54%,5,0.64%,5,0.63%,5,0.61%,5,0.59%,6,0.69%,6,0.65%,6,0.61%,10,0.74%,10,0.70%,11,0.73%,12,0.75%,15,0.88%,15,0.87%,20,1.05%,21,1%,21,1.06%,22,1.07%,25,1.07%,25,1.07%,28,1.13%,29,1.15%,29,1.12%,35,1.31%,35,1.23%,40,1.20%,40,1.17%,41,1.16%,40,1.10%,46,1.22%,48,1.24%,48,1.22%,46,1.14%,47,1.15%,44,1.06%,45,1.03%,46,1.03%,51,1.11%,56,1.19%,62,1.27%,62,1.25%,64,1.26%,66,1.27%,65,1.24%,65,1.22%,57,1.04%,57,1.03%,58,1.03%,60,1.04%,70,1.19%,73,1.21%,75,1.22%,73,1.16%,77,1.19%,78,1.16%,80,1.17%,82,1.17%,82,1.16%,83,1.15%,97,1.22%,97,1.18%,101,1.13%,102,1.11%,105,1.09%,109,1.10%
CHILLOGALLO,34,5.87%,34,5.61%,34,5.42%,34,5.42%,35,5.42%,37,5.49%,41,5.57%,46,5.91%,46,5.79%,47,5.74%,47,5.59%,48,5.53%,51,5.51%,53,5.35%,75,5.55%,81,5.70%,85,5.64%,96,6.03%,104,6.12%,104,6.00%,118,6.17%,119,6%,125,6.29%,128,6.20%,152,6.51%,152,6.50%,168,6.76%,171,6.79%,172,6.66%,178,6.64%,187,6.58%,221,6.61%,227,6.67%,237,6.69%,244,6.73%,277,7.35%,289,7.49%,293,7.44%,270,6.68%,282,6.90%,282,6.77%,298,6.81%,304,6.79%,314,6.83%,316,6.70%,340,6.94%,345,6.98%,344,6.80%,362,6.98%,369,7.05%,366,6.87%,385,7.06%,391,7.06%,404,7.16%,420,7.29%,425,7.20%,448,7.40%,459,7.44%,464,7.39%,480,7.43%,512,7.59%,522,7.62%,525,7.52%,532,7.51%,546,7.56%,622,7.84%,648,7.85%,725,8.12%,737,8.02%,779,8.08%,795,8.05%
CHIMBACALLE,20,3.45%,20,3.30%,21,3.35%,21,3.35%,21,3.25%,21,3.12%,24,3.26%,26,3.34%,26,3.27%,28,3.42%,28,3.33%,28,3.23%,28,3.02%,32,3.23%,38,2.81%,40,2.82%,40,2.65%,48,3.01%,47,2.77%,46,2.66%,52,2.72%,55,3%,57,2.87%,58,2.81%,74,3.17%,74,3.16%,83,3.34%,84,3.33%,84,3.25%,86,3.21%,92,3.24%,108,3.23%,112,3.29%,116,3.28%,116,3.20%,125,3.32%,125,3.24%,129,3.27%,129,3.19%,136,3.33%,134,3.22%,140,3.20%,145,3.24%,147,3.20%,146,3.10%,156,3.18%,156,3.15%,174,3.44%,177,3.41%,178,3.40%,185,3.47%,185,3.39%,190,3.43%,193,3.42%,200,3.47%,202,3.42%,214,3.54%,215,3.48%,223,3.55%,223,3.45%,242,3.59%,243,3.55%,244,3.49%,246,3.47%,256,3.55%,290,3.66%,303,3.67%,322,3.61%,329,3.58%,341,3.54%,347,3.51%
COCHAPAMBA,16,2.76%,16,2.64%,16,2.55%,17,2.55%,17,2.63%,17,2.52%,18,2.45%,18,2.31%,18,2.27%,18,2.20%,18,2.14%,18,2.07%,18,1.94%,18,1.82%,23,1.70%,23,1.62%,25,1.66%,27,1.69%,31,1.83%,33,1.91%,34,1.78%,35,2%,34,1.71%,35,1.70%,43,1.84%,43,1.84%,46,1.85%,47,1.87%,48,1.86%,48,1.79%,50,1.76%,54,1.61%,54,1.59%,56,1.58%,56,1.54%,56,1.49%,56,1.45%,60,1.52%,60,1.48%,59,1.44%,62,1.49%,62,1.42%,63,1.41%,64,1.39%,67,1.42%,67,1.37%,67,1.35%,62,1.23%,64,1.23%,66,1.26%,64,1.20%,68,1.25%,71,1.28%,73,1.29%,78,1.35%,76,1.29%,82,1.35%,85,1.38%,85,1.35%,87,1.35%,91,1.35%,94,1.37%,93,1.33%,95,1.34%,96,1.33%,105,1.32%,108,1.31%,112,1.26%,118,1.28%,124,1.29%,126,1.28%
CONOCOTO,28,4.84%,31,5.12%,31,4.94%,32,4.94%,32,4.95%,32,4.75%,35,4.76%,36,4.62%,36,4.53%,36,4.40%,37,4.40%,38,4.38%,42,4.54%,44,4.44%,57,4.22%,60,4.23%,61,4.05%,64,4.02%,70,4.12%,69,3.98%,70,3.66%,70,4%,70,3.52%,74,3.59%,88,3.77%,88,3.76%,92,3.70%,94,3.73%,100,3.87%,103,3.84%,106,3.73%,127,3.80%,128,3.76%,131,3.70%,132,3.64%,133,3.53%,136,3.52%,136,3.45%,145,3.59%,148,3.62%,147,3.53%,150,3.43%,152,3.39%,151,3.28%,159,3.37%,173,3.53%,174,3.52%,175,3.46%,176,3.39%,176,3.36%,179,3.36%,186,3.41%,187,3.38%,187,3.31%,190,3.30%,191,3.24%,204,3.37%,209,3.39%,210,3.34%,212,3.28%,225,3.34%,231,3.37%,235,3.37%,241,3.40%,243,3.37%,266,3.35%,269,3.26%,279,3.13%,287,3.12%,300,3.11%,304,3.08%
COTOCOLLAO,37,6.39%,37,6.11%,37,5.90%,37,5.90%,37,5.73%,38,5.64%,38,5.16%,39,5.01%,41,5.16%,42,5.13%,42,4.99%,44,5.07%,48,5.18%,51,5.15%,63,4.66%,70,4.93%,94,6.24%,83,5.21%,90,5.30%,93,5.37%,95,4.97%,94,5%,96,4.83%,98,4.75%,103,4.41%,103,4.40%,108,4.35%,108,4.29%,109,4.22%,112,4.18%,116,4.08%,137,4.10%,139,4.08%,147,4.15%,144,3.97%,151,4.01%,154,3.99%,159,4.04%,160,3.96%,141,3.45%,167,4.01%,171,3.91%,173,3.86%,176,3.83%,182,3.86%,178,3.63%,178,3.60%,182,3.60%,185,3.57%,185,3.54%,195,3.66%,203,3.72%,213,3.85%,220,3.90%,225,3.90%,215,3.64%,234,3.87%,245,3.97%,246,3.92%,257,3.98%,277,4.11%,282,4.12%,281,4.02%,287,4.05%,290,4.02%,322,4.06%,343,4.16%,367,4.11%,385,4.19%,408,4.23%,416,4.21%
CUMBAYA,19,3.28%,19,3.14%,19,3.03%,19,3.03%,19,2.94%,19,2.82%,19,2.58%,19,2.44%,19,2.39%,19,2.32%,19,2.26%,19,2.19%,23,2.48%,24,2.42%,28,2.07%,28,1.97%,30,1.99%,30,1.88%,32,1.88%,30,1.73%,32,1.67%,33,2%,33,1.66%,33,1.60%,34,1.46%,34,1.45%,37,1.49%,37,1.47%,37,1.43%,38,1.42%,38,1.34%,43,1.29%,43,1.26%,44,1.24%,45,1.24%,46,1.22%,46,1.19%,46,1.17%,47,1.16%,48,1.17%,50,1.20%,50,1.14%,51,1.14%,53,1.15%,54,1.15%,54,1.10%,54,1.09%,55,1.09%,56,1.08%,56,1.07%,56,1.05%,62,1.14%,64,1.16%,64,1.13%,64,1.11%,57,0.97%,60,0.99%,60,0.97%,66,1.05%,68,1.05%,68,1.01%,68,0.99%,69,0.99%,69,0.97%,71,0.98%,80,1.01%,87,1.05%,95,1.06%,96,1.04%,100,1.04%,101,1.02%
EL CONDADO,6,1.04%,7,1.16%,7,1.12%,7,1.12%,7,1.08%,7,1.04%,7,0.95%,7,0.90%,7,0.88%,7,0.85%,7,0.83%,7,0.81%,7,0.76%,9,0.91%,12,0.89%,16,1.13%,17,1.13%,20,1.26%,25,1.47%,23,1.33%,26,1.36%,29,1%,30,1.51%,31,1.50%,35,1.50%,35,1.50%,35,1.41%,35,1.39%,35,1.36%,37,1.38%,39,1.37%,41,1.23%,41,1.20%,41,1.16%,42,1.16%,43,1.14%,46,1.19%,48,1.22%,50,1.24%,42,1.03%,52,1.25%,60,1.37%,63,1.41%,65,1.41%,65,1.38%,64,1.31%,64,1.29%,72,1.42%,73,1.41%,73,1.40%,74,1.39%,74,1.36%,76,1.37%,77,1.36%,80,1.39%,79,1.34%,79,1.31%,80,1.30%,83,1.32%,86,1.33%,86,1.28%,86,1.26%,90,1.29%,90,1.27%,90,1.25%,98,1.24%,101,1.22%,109,1.22%,115,1.25%,126,1.31%,134,1.36%
GUALEA,1,0.17%,2,0.33%,2,0.32%,2,0.32%,2,0.31%,2,0.30%,2,0.27%,2,0.26%,2,0.25%,2,0.24%,2,0.24%,2,0.23%,2,0.22%,1,0.10%,1,0.07%,1,0.07%,1,0.07%,1,0.06%,1,0.06%,1,0.06%,1,0.05%,1,0%,1,0.05%,1,0.05%,1,0.04%,1,0.04%,1,0.04%,1,0.04%,1,0.04%,1,0.04%,1,0.04%,2,0.06%,2,0.06%,2,0.06%,2,0.06%,2,0.05%,2,0.05%,2,0.05%,2,0.05%,,,2,0.05%,2,0.05%,2,0.04%,2,0.04%,1,0.02%,1,0.02%,1,0.02%,1,0.02%,1,0.02%,1,0.02%,1,0.02%,1,0.02%,1,0.02%,1,0.02%,1,0.02%,1,0.02%,1,0.02%,2,0.03%,2,0.03%,3,0.05%,2,0.03%,2,0.03%,2,0.03%,2,0.03%,2,0.03%,7,0.09%,7,0.08%,8,0.09%,8,0.09%,8,0.08%,8,0.08%
GUAYLLABAMBA,4,0.69%,4,0.66%,4,0.64%,4,0.64%,4,0.62%,4,0.59%,4,0.54%,4,0.51%,4,0.50%,4,0.49%,4,0.48%,4,0.46%,4,0.43%,4,0.40%,6,0.44%,6,0.42%,6,0.40%,6,0.38%,8,0.47%,7,0.40%,8,0.42%,8,0%,7,0.35%,7,0.34%,7,0.30%,7,0.30%,7,0.28%,7,0.28%,7,0.27%,7,0.26%,7,0.25%,7,0.21%,7,0.21%,8,0.23%,8,0.22%,8,0.21%,8,0.21%,8,0.20%,8,0.20%,6,0.15%,8,0.19%,8,0.18%,9,0.20%,9,0.20%,9,0.19%,10,0.20%,10,0.20%,11,0.22%,12,0.23%,12,0.23%,11,0.21%,11,0.20%,11,0.20%,12,0.21%,12,0.21%,10,0.17%,11,0.18%,12,0.19%,12,0.19%,13,0.20%,12,0.18%,16,0.23%,16,0.23%,16,0.23%,16,0.22%,19,0.24%,19,0.23%,18,0.20%,18,0.20%,19,0.20%,22,0.22%
INAQUITO,35,6.04%,35,5.78%,35,5.58%,36,5.58%,37,5.73%,37,5.49%,39,5.30%,39,5.01%,39,4.91%,40,4.88%,40,4.76%,40,4.61%,41,4.43%,43,4.34%,44,3.26%,60,4.23%,58,3.85%,48,3.01%,49,2.89%,50,2.89%,56,2.93%,56,3%,51,2.57%,51,2.47%,55,2.35%,55,2.35%,55,2.21%,57,2.26%,59,2.29%,59,2.20%,60,2.11%,64,1.91%,67,1.97%,68,1.92%,70,1.93%,70,1.86%,70,1.81%,73,1.85%,75,1.86%,74,1.81%,80,1.92%,80,1.83%,83,1.85%,85,1.85%,83,1.76%,86,1.76%,87,1.76%,86,1.70%,90,1.74%,90,1.72%,89,1.67%,89,1.63%,90,1.63%,90,1.59%,92,1.60%,89,1.51%,96,1.59%,97,1.57%,97,1.54%,99,1.53%,101,1.50%,105,1.53%,107,1.53%,107,1.51%,110,1.52%,115,1.45%,118,1.43%,125,1.40%,126,1.37%,131,1.36%,136,1.38%
ITCHIMBIA,9,1.55%,9,1.49%,10,1.59%,10,1.59%,10,1.55%,11,1.63%,11,1.49%,12,1.54%,12,1.51%,12,1.47%,12,1.43%,12,1.38%,12,1.30%,15,1.51%,22,1.63%,23,1.62%,24,1.59%,26,1.63%,29,1.71%,30,1.73%,31,1.62%,33,2%,33,1.66%,33,1.60%,36,1.54%,36,1.54%,37,1.49%,38,1.51%,40,1.55%,40,1.49%,42,1.48%,51,1.53%,53,1.56%,55,1.55%,56,1.54%,57,1.51%,58,1.50%,58,1.47%,60,1.48%,55,1.35%,56,1.34%,58,1.33%,60,1.34%,63,1.37%,64,1.36%,67,1.37%,68,1.37%,76,1.50%,77,1.49%,78,1.49%,77,1.44%,81,1.48%,85,1.53%,86,1.52%,86,1.49%,80,1.36%,83,1.37%,86,1.39%,85,1.35%,89,1.38%,91,1.35%,94,1.37%,98,1.40%,101,1.43%,104,1.44%,114,1.44%,120,1.45%,127,1.42%,132,1.44%,142,1.47%,146,1.48%
JIPIJAPA,6,1.04%,6,0.99%,6,0.96%,6,0.96%,6,0.93%,6,0.89%,6,0.82%,6,0.77%,6,0.76%,6,0.73%,6,0.71%,6,0.69%,9,0.97%,9,0.91%,10,0.74%,10,0.70%,10,0.66%,11,0.69%,12,0.71%,11,0.64%,12,0.63%,13,1%,15,0.75%,15,0.73%,14,0.60%,14,0.60%,14,0.56%,14,0.56%,14,0.54%,14,0.52%,15,0.53%,16,0.48%,16,0.47%,18,0.51%,18,0.50%,18,0.48%,18,0.47%,18,0.46%,19,0.47%,20,0.49%,21,0.50%,21,0.48%,21,0.47%,21,0.46%,21,0.45%,21,0.43%,21,0.42%,22,0.43%,23,0.44%,23,0.44%,23,0.43%,21,0.38%,21,0.38%,21,0.37%,22,0.38%,26,0.44%,23,0.38%,24,0.39%,24,0.38%,25,0.39%,25,0.37%,30,0.44%,30,0.43%,30,0.42%,30,0.42%,35,0.44%,35,0.42%,36,0.40%,38,0.41%,39,0.40%,41,0.42%
KENNEDY,11,1.90%,11,1.82%,11,1.75%,11,1.75%,11,1.70%,11,1.63%,11,1.49%,11,1.41%,11,1.39%,11,1.34%,11,1.31%,11,1.27%,11,1.19%,11,1.11%,19,1.41%,20,1.41%,20,1.33%,20,1.26%,20,1.18%,30,1.73%,63,3.29%,63,3%,62,3.12%,64,3.10%,66,2.83%,66,2.82%,67,2.70%,67,2.66%,67,2.59%,70,2.61%,71,2.50%,72,2.15%,73,2.14%,72,2.03%,73,2.01%,76,2.02%,78,2.02%,80,2.03%,81,2.00%,81,1.98%,82,1.97%,84,1.92%,84,1.88%,88,1.91%,90,1.91%,90,1.84%,91,1.84%,91,1.80%,92,1.77%,92,1.76%,93,1.75%,94,1.72%,95,1.72%,96,1.70%,98,1.70%,94,1.59%,100,1.65%,101,1.64%,107,1.70%,109,1.69%,108,1.60%,111,1.62%,112,1.60%,114,1.61%,115,1.59%,121,1.53%,125,1.51%,137,1.54%,139,1.51%,148,1.53%,150,1.52%
LA ARGELIA,6,1.04%,6,0.99%,6,0.96%,6,0.96%,6,0.93%,7,1.04%,7,0.95%,7,0.90%,8,1.01%,8,0.98%,8,0.95%,8,0.92%,13,1.40%,13,1.31%,26,1.92%,27,1.90%,30,1.99%,31,1.95%,31,1.83%,31,1.79%,33,1.73%,34,2%,35,1.76%,35,1.70%,36,1.54%,36,1.54%,38,1.53%,38,1.51%,38,1.47%,41,1.53%,44,1.55%,58,1.73%,61,1.79%,66,1.86%,68,1.88%,71,1.88%,73,1.89%,80,2.03%,80,1.98%,83,2.03%,89,2.14%,95,2.17%,96,2.14%,99,2.15%,102,2.16%,103,2.10%,104,2.10%,105,2.08%,105,2.03%,105,2.01%,108,2.03%,108,1.98%,108,1.95%,110,1.95%,114,1.98%,114,1.93%,125,2.07%,127,2.06%,132,2.10%,133,2.06%,137,2.03%,138,2.01%,138,1.98%,139,1.96%,143,1.98%,165,2.08%,167,2.02%,182,2.04%,187,2.03%,194,2.01%,195,1.97%
LA ECUATORIANA,2,0.35%,2,0.33%,2,0.32%,2,0.32%,4,0.62%,4,0.59%,4,0.54%,5,0.64%,6,0.76%,6,0.73%,8,0.95%,9,1.04%,11,1.19%,16,1.61%,23,1.70%,24,1.69%,26,1.73%,28,1.76%,28,1.65%,28,1.62%,31,1.62%,31,2%,33,1.66%,36,1.74%,41,1.76%,41,1.75%,44,1.77%,45,1.79%,48,1.86%,49,1.83%,52,1.83%,77,2.30%,82,2.41%,91,2.57%,92,2.54%,99,2.63%,103,2.67%,107,2.72%,107,2.65%,111,2.72%,104,2.50%,111,2.54%,129,2.88%,132,2.87%,139,2.95%,143,2.92%,143,2.89%,166,3.28%,169,3.26%,171,3.27%,174,3.27%,179,3.28%,180,3.25%,187,3.31%,189,3.28%,208,3.52%,210,3.47%,210,3.40%,212,3.38%,218,3.38%,237,3.51%,236,3.45%,245,3.51%,251,3.54%,256,3.55%,267,3.37%,272,3.30%,284,3.18%,303,3.30%,324,3.36%,328,3.32%
LA FERROVIARIA,10,1.73%,11,1.82%,11,1.75%,12,1.75%,12,1.86%,12,1.78%,13,1.77%,14,1.80%,14,1.76%,16,1.95%,16,1.90%,16,1.84%,16,1.73%,17,1.72%,28,2.07%,30,2.11%,30,1.99%,30,1.88%,33,1.94%,32,1.85%,38,1.99%,42,2%,44,2.21%,45,2.18%,52,2.23%,52,2.22%,54,2.17%,54,2.14%,56,2.17%,59,2.20%,64,2.25%,77,2.30%,78,2.29%,80,2.26%,83,2.29%,86,2.28%,87,2.25%,90,2.28%,91,2.25%,95,2.32%,93,2.23%,101,2.31%,102,2.28%,104,2.26%,109,2.31%,116,2.37%,116,2.35%,108,2.13%,109,2.10%,109,2.08%,110,2.06%,112,2.05%,115,2.08%,116,2.05%,121,2.10%,123,2.08%,122,2.02%,124,2.01%,125,1.99%,130,2.01%,139,2.06%,140,2.04%,142,2.03%,144,2.03%,150,2.08%,164,2.07%,171,2.07%,186,2.08%,188,2.05%,192,1.99%,197,1.99%
LA LIBERTAD,4,0.69%,4,0.66%,4,0.64%,4,0.64%,4,0.62%,6,0.89%,6,0.82%,6,0.77%,8,1.01%,8,0.98%,8,0.95%,9,1.04%,9,0.97%,10,1.01%,19,1.41%,23,1.62%,28,1.86%,29,1.82%,33,1.94%,32,1.85%,38,1.99%,39,2%,43,2.16%,47,2.28%,57,2.44%,57,2.44%,65,2.62%,64,2.54%,68,2.63%,72,2.69%,75,2.64%,85,2.54%,86,2.53%,89,2.51%,87,2.40%,89,2.36%,92,2.38%,92,2.34%,91,2.25%,88,2.15%,85,2.04%,88,2.01%,91,2.03%,91,1.98%,93,1.97%,99,2.02%,99,2.00%,106,2.09%,106,2.04%,107,2.05%,108,2.03%,114,2.09%,114,2.06%,115,2.04%,115,1.99%,118,2.00%,117,1.93%,119,1.93%,120,1.91%,120,1.86%,126,1.87%,126,1.84%,125,1.79%,125,1.77%,126,1.75%,129,1.63%,129,1.56%,132,1.48%,133,1.45%,136,1.41%,137,1.39%
LA MAGDALENA,12,2.07%,14,2.31%,15,2.39%,16,2.39%,16,2.48%,18,2.67%,21,2.85%,22,2.82%,22,2.77%,24,2.93%,26,3.09%,26,3.00%,26,2.81%,27,2.72%,47,3.48%,48,3.38%,51,3.38%,60,3.77%,62,3.65%,66,3.81%,79,4.13%,80,4%,82,4.12%,89,4.31%,105,4.49%,105,4.49%,109,4.39%,110,4.37%,115,4.45%,123,4.59%,143,5.04%,175,5.23%,178,5.23%,184,5.20%,192,5.30%,200,5.31%,208,5.39%,215,5.46%,218,5.39%,230,5.63%,229,5.50%,244,5.58%,248,5.54%,253,5.50%,250,5.30%,260,5.31%,265,5.36%,265,5.24%,269,5.19%,271,5.18%,276,5.18%,288,5.28%,292,5.27%,298,5.28%,305,5.29%,328,5.56%,315,5.20%,321,5.20%,322,5.13%,332,5.14%,339,5.03%,344,5.02%,348,4.98%,350,4.94%,354,4.90%,386,4.87%,408,4.94%,430,4.82%,438,4.77%,451,4.68%,456,4.62%
LA MENA,1,0.17%,1,0.17%,1,0.16%,1,0.16%,1,0.15%,2,0.30%,2,0.27%,3,0.39%,3,0.38%,3,0.37%,4,0.48%,5,0.58%,4,0.43%,5,0.50%,9,0.67%,10,0.70%,11,0.73%,11,0.69%,11,0.65%,11,0.64%,14,0.73%,15,1%,15,0.75%,16,0.78%,21,0.90%,21,0.90%,21,0.85%,21,0.83%,22,0.85%,24,0.90%,25,0.88%,31,0.93%,31,0.91%,32,0.90%,32,0.88%,32,0.85%,37,0.96%,38,0.96%,45,1.11%,46,1.13%,51,1.22%,53,1.21%,53,1.18%,54,1.17%,53,1.12%,56,1.14%,56,1.13%,58,1.15%,58,1.12%,60,1.15%,62,1.16%,60,1.10%,60,1.08%,62,1.10%,62,1.08%,62,1.05%,62,1.02%,63,1.02%,63,1.00%,67,1.04%,71,1.05%,72,1.05%,72,1.03%,73,1.03%,73,1.01%,79,1.00%,84,1.02%,93,1.04%,95,1.03%,95,0.99%,96,0.97%
MARISCAL SUCRE,5,0.86%,5,0.83%,5,0.80%,5,0.80%,5,0.77%,5,0.74%,5,0.68%,5,0.64%,5,0.63%,5,0.61%,5,0.59%,5,0.58%,5,0.54%,7,0.71%,9,0.67%,9,0.63%,9,0.60%,9,0.56%,10,0.59%,10,0.58%,13,0.68%,13,1%,11,0.55%,11,0.53%,11,0.47%,11,0.47%,12,0.48%,12,0.48%,13,0.50%,13,0.48%,13,0.46%,15,0.45%,15,0.44%,14,0.40%,13,0.36%,14,0.37%,16,0.41%,16,0.41%,17,0.42%,14,0.34%,17,0.41%,19,0.43%,19,0.42%,20,0.43%,20,0.42%,21,0.43%,22,0.44%,21,0.42%,24,0.46%,24,0.46%,25,0.47%,27,0.49%,27,0.49%,28,0.50%,30,0.52%,30,0.51%,30,0.50%,31,0.50%,31,0.49%,33,0.51%,32,0.47%,34,0.50%,33,0.47%,34,0.48%,35,0.48%,35,0.44%,39,0.47%,41,0.46%,44,0.48%,46,0.48%,46,0.47%
NANEGAL,1,0.17%,1,0.17%,1,0.16%,1,0.16%,2,0.31%,4,0.59%,4,0.54%,4,0.51%,4,0.50%,4,0.49%,4,0.48%,4,0.46%,4,0.43%,4,0.40%,5,0.37%,5,0.35%,5,0.33%,5,0.31%,6,0.35%,6,0.35%,5,0.26%,5,0%,5,0.25%,5,0.24%,6,0.26%,6,0.26%,6,0.24%,6,0.24%,6,0.23%,6,0.22%,6,0.21%,6,0.18%,6,0.18%,6,0.17%,6,0.17%,6,0.16%,6,0.16%,6,0.15%,6,0.15%,6,0.15%,6,0.14%,6,0.14%,6,0.13%,6,0.13%,6,0.13%,6,0.12%,6,0.12%,6,0.12%,6,0.12%,6,0.11%,6,0.11%,6,0.11%,6,0.11%,6,0.11%,6,0.10%,6,0.10%,6,0.10%,6,0.10%,6,0.10%,6,0.09%,6,0.09%,6,0.09%,6,0.09%,6,0.08%,6,0.08%,7,0.09%,7,0.08%,9,0.10%,9,0.10%,9,0.09%,9,0.09%
NANEGALITO,2,0.35%,2,0.33%,3,0.48%,3,0.48%,3,0.46%,2,0.30%,2,0.27%,2,0.26%,2,0.25%,2,0.24%,2,0.24%,2,0.23%,2,0.22%,2,0.20%,2,0.15%,2,0.14%,2,0.13%,2,0.13%,2,0.12%,2,0.12%,3,0.16%,3,0%,2,0.10%,2,0.10%,2,0.09%,2,0.09%,2,0.08%,2,0.08%,2,0.08%,2,0.07%,2,0.07%,2,0.06%,2,0.06%,2,0.06%,2,0.06%,2,0.05%,2,0.05%,2,0.05%,2,0.05%,1,0.02%,2,0.05%,2,0.05%,2,0.04%,2,0.04%,2,0.04%,2,0.04%,2,0.04%,2,0.04%,2,0.04%,2,0.04%,2,0.04%,2,0.04%,2,0.04%,2,0.04%,2,0.03%,2,0.03%,3,0.05%,3,0.05%,3,0.05%,3,0.05%,3,0.04%,3,0.04%,3,0.04%,3,0.04%,3,0.04%,3,0.04%,3,0.04%,3,0.03%,3,0.03%,3,0.03%,3,0.03%
NAYON,2,0.35%,2,0.33%,2,0.32%,2,0.32%,2,0.31%,2,0.30%,2,0.27%,2,0.26%,2,0.25%,2,0.24%,2,0.24%,2,0.23%,4,0.43%,4,0.40%,7,0.52%,7,0.49%,7,0.46%,8,0.50%,9,0.53%,8,0.46%,8,0.42%,8,0%,8,0.40%,8,0.39%,8,0.34%,8,0.34%,9,0.36%,8,0.32%,11,0.43%,11,0.41%,11,0.39%,12,0.36%,12,0.35%,14,0.40%,14,0.39%,14,0.37%,14,0.36%,14,0.36%,15,0.37%,19,0.46%,20,0.48%,22,0.50%,21,0.47%,25,0.54%,25,0.53%,26,0.53%,26,0.53%,26,0.51%,28,0.54%,28,0.54%,28,0.53%,24,0.44%,24,0.43%,25,0.44%,26,0.45%,36,0.61%,34,0.56%,35,0.57%,34,0.54%,35,0.54%,40,0.59%,41,0.60%,41,0.59%,41,0.58%,41,0.57%,45,0.57%,45,0.55%,49,0.55%,50,0.54%,52,0.54%,53,0.54%
NONO,1,0.17%,1,0.17%,1,0.16%,1,0.16%,1,0.15%,1,0.15%,1,0.14%,1,0.13%,1,0.13%,1,0.12%,1,0.12%,1,0.12%,1,0.11%,1,0.10%,1,0.07%,1,0.07%,2,0.13%,2,0.13%,3,0.18%,2,0.12%,2,0.10%,2,0%,2,0.10%,2,0.10%,2,0.09%,2,0.09%,2,0.08%,2,0.08%,2,0.08%,2,0.07%,2,0.07%,2,0.06%,2,0.06%,2,0.06%,2,0.06%,2,0.05%,2,0.05%,2,0.05%,2,0.05%,1,0.02%,2,0.05%,2,0.05%,2,0.04%,2,0.04%,2,0.04%,2,0.04%,2,0.04%,2,0.04%,2,0.04%,2,0.04%,3,0.06%,3,0.05%,3,0.05%,3,0.05%,3,0.05%,3,0.05%,3,0.05%,3,0.05%,3,0.05%,3,0.05%,4,0.06%,4,0.06%,4,0.06%,5,0.07%,5,0.07%,5,0.06%,5,0.06%,5,0.06%,5,0.05%,6,0.06%,6,0.06%
PIFO,3,0.52%,3,0.50%,3,0.48%,3,0.48%,3,0.46%,3,0.45%,4,0.54%,5,0.64%,5,0.63%,5,0.61%,5,0.59%,5,0.58%,5,0.54%,5,0.50%,6,0.44%,6,0.42%,6,0.40%,6,0.38%,6,0.35%,7,0.40%,7,0.37%,7,0%,7,0.35%,8,0.39%,9,0.39%,9,0.38%,10,0.40%,10,0.40%,10,0.39%,11,0.41%,13,0.46%,15,0.45%,15,0.44%,16,0.45%,16,0.44%,16,0.42%,16,0.41%,16,0.41%,16,0.40%,19,0.46%,19,0.46%,19,0.43%,19,0.42%,20,0.43%,19,0.40%,19,0.39%,19,0.38%,19,0.38%,19,0.37%,20,0.38%,21,0.39%,24,0.44%,24,0.43%,24,0.43%,24,0.42%,24,0.41%,23,0.38%,24,0.39%,24,0.38%,26,0.40%,25,0.37%,25,0.36%,25,0.36%,25,0.35%,25,0.35%,28,0.35%,28,0.34%,30,0.34%,30,0.33%,32,0.33%,32,0.32%
POMASQUI,10,1.73%,10,1.65%,10,1.59%,10,1.59%,10,1.55%,10,1.48%,10,1.36%,11,1.41%,11,1.39%,11,1.34%,11,1.31%,11,1.27%,11,1.19%,12,1.21%,12,0.89%,16,1.13%,16,1.06%,17,1.07%,17,1.00%,17,0.98%,17,0.89%,17,1%,17,0.86%,18,0.87%,18,0.77%,18,0.77%,20,0.81%,20,0.79%,21,0.81%,27,1.01%,31,1.09%,42,1.26%,48,1.41%,51,1.44%,51,1.41%,51,1.35%,52,1.35%,52,1.32%,57,1.41%,56,1.37%,63,1.51%,69,1.58%,72,1.61%,72,1.57%,71,1.51%,74,1.51%,74,1.50%,75,1.48%,75,1.45%,75,1.43%,77,1.44%,76,1.39%,77,1.39%,78,1.38%,78,1.35%,79,1.34%,79,1.31%,79,1.28%,80,1.27%,81,1.25%,86,1.28%,87,1.27%,88,1.26%,88,1.24%,90,1.25%,95,1.20%,99,1.20%,103,1.15%,104,1.13%,105,1.09%,110,1.11%
PONCEANO,2,0.35%,2,0.33%,2,0.32%,2,0.32%,2,0.31%,2,0.30%,2,0.27%,2,0.26%,2,0.25%,2,0.24%,2,0.24%,2,0.23%,3,0.32%,3,0.30%,4,0.30%,4,0.28%,4,0.27%,4,0.25%,4,0.24%,4,0.23%,5,0.26%,5,0%,5,0.25%,5,0.24%,6,0.26%,6,0.26%,6,0.24%,6,0.24%,6,0.23%,6,0.22%,6,0.21%,6,0.18%,6,0.18%,6,0.17%,6,0.17%,6,0.16%,6,0.16%,6,0.15%,6,0.15%,5,0.12%,6,0.14%,7,0.16%,8,0.18%,9,0.20%,10,0.21%,10,0.20%,10,0.20%,10,0.20%,10,0.19%,11,0.21%,11,0.21%,9,0.16%,10,0.18%,10,0.18%,10,0.17%,12,0.20%,13,0.21%,13,0.21%,13,0.21%,13,0.20%,14,0.21%,14,0.20%,16,0.23%,17,0.24%,17,0.24%,18,0.23%,18,0.22%,18,0.20%,18,0.20%,19,0.20%,20,0.20%
PUEMBO,4,0.69%,4,0.66%,4,0.64%,4,0.64%,4,0.62%,4,0.59%,4,0.54%,4,0.51%,4,0.50%,4,0.49%,4,0.48%,4,0.46%,4,0.43%,4,0.40%,4,0.30%,4,0.28%,6,0.40%,6,0.38%,7,0.41%,7,0.40%,7,0.37%,7,0%,7,0.35%,7,0.34%,10,0.43%,10,0.43%,11,0.44%,11,0.44%,11,0.43%,11,0.41%,12,0.42%,15,0.45%,15,0.44%,15,0.42%,15,0.41%,15,0.40%,15,0.39%,15,0.38%,15,0.37%,15,0.37%,15,0.36%,17,0.39%,17,0.38%,17,0.37%,18,0.38%,18,0.37%,18,0.36%,20,0.40%,20,0.39%,20,0.38%,21,0.39%,22,0.40%,22,0.40%,23,0.41%,24,0.42%,23,0.39%,22,0.36%,22,0.36%,22,0.35%,22,0.34%,24,0.36%,24,0.35%,24,0.34%,24,0.34%,24,0.33%,26,0.33%,26,0.32%,29,0.32%,30,0.33%,31,0.32%,32,0.32%
QUITUMBE,18,3.11%,19,3.14%,20,3.19%,20,3.19%,21,3.25%,21,3.12%,24,3.26%,28,3.59%,28,3.53%,28,3.42%,28,3.33%,30,3.46%,29,3.13%,29,2.93%,36,2.66%,38,2.68%,39,2.59%,40,2.51%,42,2.47%,42,2.42%,43,2.25%,43,2%,44,2.21%,44,2.13%,49,2.10%,49,2.09%,54,2.17%,54,2.14%,58,2.25%,59,2.20%,66,2.32%,73,2.18%,74,2.17%,81,2.29%,85,2.34%,89,2.36%,95,2.46%,98,2.49%,98,2.42%,105,2.57%,111,2.66%,131,2.99%,133,2.97%,136,2.96%,139,2.95%,139,2.84%,143,2.89%,150,2.96%,153,2.95%,156,2.98%,160,3.00%,154,2.82%,158,2.85%,162,2.87%,162,2.81%,173,2.93%,174,2.87%,176,2.85%,180,2.87%,184,2.85%,194,2.88%,199,2.91%,220,3.15%,223,3.15%,225,3.12%,242,3.05%,256,3.10%,275,3.08%,283,3.08%,295,3.06%,312,3.16%
RUMIPAMBA,3,0.52%,3,0.50%,3,0.48%,3,0.48%,3,0.46%,4,0.59%,4,0.54%,4,0.51%,4,0.50%,4,0.49%,4,0.48%,5,0.58%,5,0.54%,5,0.50%,7,0.52%,7,0.49%,7,0.46%,8,0.50%,8,0.47%,8,0.46%,8,0.42%,7,0%,7,0.35%,9,0.44%,10,0.43%,10,0.43%,10,0.40%,10,0.40%,10,0.39%,10,0.37%,10,0.35%,10,0.30%,10,0.29%,10,0.28%,10,0.28%,10,0.27%,10,0.26%,10,0.25%,11,0.27%,13,0.32%,13,0.31%,13,0.30%,13,0.29%,13,0.28%,13,0.28%,13,0.27%,13,0.26%,14,0.28%,14,0.27%,17,0.32%,18,0.34%,20,0.37%,22,0.40%,22,0.39%,22,0.38%,21,0.36%,21,0.35%,21,0.34%,21,0.33%,21,0.33%,21,0.31%,23,0.34%,23,0.33%,24,0.34%,1,0.01%,1,0.01%,1,0.01%,1,0.01%,1,0.01%,1,0.01%,1,0.01%
SAN ANTONIO,1,0.17%,1,0.17%,1,0.16%,1,0.16%,1,0.15%,1,0.15%,2,0.27%,2,0.26%,4,0.50%,4,0.49%,4,0.48%,4,0.46%,4,0.43%,4,0.40%,5,0.37%,5,0.35%,7,0.46%,8,0.50%,10,0.59%,9,0.52%,9,0.47%,9,0%,9,0.45%,9,0.44%,12,0.51%,12,0.51%,14,0.56%,14,0.56%,14,0.54%,14,0.52%,14,0.49%,17,0.51%,17,0.50%,18,0.51%,18,0.50%,18,0.48%,19,0.49%,19,0.48%,23,0.57%,23,0.56%,20,0.48%,21,0.48%,21,0.47%,22,0.48%,19,0.40%,20,0.41%,20,0.40%,27,0.53%,27,0.52%,27,0.52%,28,0.53%,27,0.49%,27,0.49%,27,0.48%,28,0.49%,29,0.49%,28,0.46%,28,0.45%,29,0.46%,30,0.46%,33,0.49%,33,0.48%,33,0.47%,34,0.48%,36,0.50%,39,0.49%,41,0.50%,43,0.48%,45,0.49%,48,0.50%,52,0.53%
SAN BARTOLO,9,1.55%,9,1.49%,9,1.44%,9,1.44%,9,1.39%,11,1.63%,13,1.77%,13,1.67%,15,1.89%,17,2.08%,18,2.14%,19,2.19%,19,2.05%,19,1.92%,21,1.55%,21,1.48%,23,1.53%,24,1.51%,24,1.41%,25,1.44%,28,1.46%,28,1%,29,1.46%,29,1.41%,34,1.46%,34,1.45%,38,1.53%,38,1.51%,39,1.51%,45,1.68%,49,1.73%,55,1.64%,56,1.64%,55,1.55%,59,1.63%,61,1.62%,62,1.61%,63,1.60%,63,1.56%,68,1.66%,64,1.54%,68,1.55%,67,1.50%,68,1.48%,72,1.53%,76,1.55%,77,1.56%,77,1.52%,79,1.52%,80,1.53%,81,1.52%,82,1.50%,82,1.48%,83,1.47%,87,1.51%,95,1.61%,97,1.60%,101,1.64%,102,1.62%,104,1.61%,113,1.68%,114,1.66%,115,1.65%,115,1.62%,116,1.61%,136,1.71%,147,1.78%,159,1.78%,163,1.77%,170,1.76%,176,1.78%
SAN ISIDRO DEL INCA,10,1.73%,11,1.82%,14,2.23%,14,2.23%,15,2.32%,16,2.37%,21,2.85%,23,2.95%,24,3.02%,24,2.93%,25,2.97%,26,3.00%,27,2.92%,27,2.72%,30,2.22%,30,2.11%,30,1.99%,31,1.95%,32,1.88%,32,1.85%,36,1.88%,36,2%,37,1.86%,40,1.94%,40,1.71%,40,1.71%,41,1.65%,43,1.71%,44,1.70%,44,1.64%,52,1.83%,56,1.67%,56,1.64%,56,1.58%,55,1.52%,58,1.54%,59,1.53%,60,1.52%,63,1.56%,57,1.39%,56,1.34%,59,1.35%,59,1.32%,60,1.30%,63,1.34%,65,1.33%,65,1.31%,65,1.28%,65,1.25%,66,1.26%,67,1.26%,68,1.25%,69,1.25%,69,1.22%,74,1.28%,74,1.25%,75,1.24%,76,1.23%,78,1.24%,81,1.25%,83,1.23%,86,1.26%,90,1.29%,90,1.27%,91,1.26%,97,1.22%,99,1.20%,107,1.20%,109,1.19%,114,1.18%,116,1.17%
SAN JUAN,2,0.35%,2,0.33%,2,0.32%,2,0.32%,2,0.31%,2,0.30%,3,0.41%,3,0.39%,3,0.38%,4,0.49%,4,0.48%,4,0.46%,6,0.65%,7,0.71%,17,1.26%,17,1.20%,18,1.19%,21,1.32%,21,1.24%,25,1.44%,24,1.25%,24,1%,25,1.26%,25,1.21%,34,1.46%,34,1.45%,35,1.41%,35,1.39%,35,1.36%,37,1.38%,37,1.30%,46,1.38%,47,1.38%,50,1.41%,52,1.43%,54,1.43%,57,1.48%,57,1.45%,60,1.48%,68,1.66%,65,1.56%,71,1.62%,79,1.76%,81,1.76%,88,1.87%,86,1.76%,87,1.76%,99,1.96%,101,1.95%,102,1.95%,103,1.93%,98,1.80%,101,1.82%,108,1.91%,108,1.87%,112,1.90%,114,1.88%,117,1.90%,120,1.91%,124,1.92%,129,1.91%,129,1.88%,129,1.85%,130,1.84%,131,1.81%,144,1.82%,147,1.78%,153,1.71%,156,1.70%,166,1.72%,169,1.71%
SOLANDA,7,1.21%,7,1.16%,7,1.12%,9,1.12%,10,1.55%,10,1.48%,11,1.49%,13,1.67%,13,1.64%,16,1.95%,16,1.90%,18,2.07%,19,2.05%,19,1.92%,25,1.85%,25,1.76%,25,1.66%,29,1.82%,31,1.83%,30,1.73%,32,1.67%,32,2%,33,1.66%,34,1.65%,40,1.71%,40,1.71%,43,1.73%,43,1.71%,43,1.67%,43,1.60%,51,1.80%,64,1.91%,64,1.88%,66,1.86%,66,1.82%,73,1.94%,73,1.89%,73,1.85%,70,1.73%,68,1.66%,64,1.54%,71,1.62%,72,1.61%,76,1.65%,80,1.70%,87,1.78%,87,1.76%,91,1.80%,96,1.85%,97,1.85%,99,1.86%,96,1.76%,102,1.84%,105,1.86%,107,1.86%,117,1.98%,116,1.92%,120,1.94%,126,2.01%,130,2.01%,143,2.12%,143,2.09%,153,2.19%,159,2.25%,168,2.33%,186,2.35%,194,2.35%,212,2.38%,218,2.37%,227,2.35%,229,2.32%
TABABELA,10,1.73%,10,1.65%,10,1.59%,10,1.59%,10,1.55%,10,1.48%,10,1.36%,10,1.28%,10,1.26%,10,1.22%,10,1.19%,10,1.15%,10,1.08%,10,1.01%,10,0.74%,10,0.70%,11,0.73%,11,0.69%,12,0.71%,11,0.64%,11,0.58%,11,1%,11,0.55%,11,0.53%,11,0.47%,11,0.47%,11,0.44%,11,0.44%,11,0.43%,11,0.41%,11,0.39%,12,0.36%,12,0.35%,12,0.34%,12,0.33%,12,0.32%,12,0.31%,12,0.30%,12,0.30%,13,0.32%,14,0.34%,14,0.32%,14,0.31%,14,0.30%,14,0.30%,14,0.29%,14,0.28%,15,0.30%,15,0.29%,15,0.29%,15,0.28%,14,0.26%,14,0.25%,14,0.25%,14,0.24%,15,0.25%,15,0.25%,15,0.24%,15,0.24%,15,0.23%,16,0.24%,16,0.23%,16,0.23%,16,0.23%,16,0.22%,16,0.20%,16,0.19%,16,0.18%,16,0.17%,17,0.18%,18,0.18%
TUMBACO,7,1.21%,7,1.16%,7,1.12%,7,1.12%,7,1.08%,7,1.04%,17,2.31%,18,2.31%,18,2.27%,18,2.20%,18,2.14%,18,2.07%,20,2.16%,23,2.32%,30,2.22%,31,2.18%,33,2.19%,34,2.13%,37,2.18%,38,2.19%,41,2.14%,42,2%,42,2.11%,43,2.08%,43,1.84%,43,1.84%,47,1.89%,47,1.87%,48,1.86%,50,1.86%,50,1.76%,58,1.73%,60,1.76%,62,1.75%,62,1.71%,63,1.67%,64,1.66%,64,1.62%,66,1.63%,69,1.69%,68,1.63%,69,1.58%,69,1.54%,71,1.54%,74,1.57%,74,1.51%,74,1.50%,72,1.42%,72,1.39%,72,1.38%,72,1.35%,79,1.45%,80,1.44%,80,1.42%,81,1.41%,77,1.30%,77,1.27%,78,1.26%,85,1.35%,86,1.33%,81,1.20%,81,1.18%,82,1.17%,82,1.16%,82,1.14%,95,1.20%,99,1.20%,106,1.19%,107,1.16%,113,1.17%,117,1.18%
TURUBAMBA,8,1.38%,8,1.32%,8,1.28%,8,1.28%,8,1.24%,8,1.19%,8,1.09%,9,1.16%,9,1.13%,9,1.10%,9,1.07%,9,1.04%,9,0.97%,9,0.91%,17,1.26%,17,1.20%,17,1.13%,18,1.13%,18,1.06%,19,1.10%,19,0.99%,19,1%,20,1.01%,20,0.97%,24,1.03%,24,1.03%,25,1.01%,25,0.99%,26,1.01%,30,1.12%,31,1.09%,39,1.17%,39,1.15%,40,1.13%,43,1.19%,45,1.19%,47,1.22%,47,1.19%,48,1.19%,48,1.17%,52,1.25%,55,1.26%,56,1.25%,59,1.28%,59,1.25%,59,1.20%,61,1.23%,60,1.19%,61,1.18%,61,1.17%,62,1.16%,67,1.23%,67,1.21%,68,1.20%,68,1.18%,72,1.22%,70,1.16%,70,1.13%,71,1.13%,76,1.18%,78,1.16%,80,1.17%,82,1.17%,83,1.17%,85,1.18%,91,1.15%,93,1.13%,96,1.08%,99,1.08%,103,1.07%,104,1.05%
YARUQUI,2,0.35%,2,0.33%,2,0.32%,2,0.32%,2,0.31%,2,0.30%,3,0.41%,3,0.39%,3,0.38%,3,0.37%,3,0.36%,3,0.35%,3,0.32%,3,0.30%,4,0.30%,4,0.28%,7,0.46%,8,0.50%,11,0.65%,11,0.64%,11,0.58%,11,1%,12,0.60%,12,0.58%,13,0.56%,13,0.56%,14,0.56%,14,0.56%,15,0.58%,15,0.56%,15,0.53%,25,0.75%,25,0.73%,27,0.76%,27,0.74%,28,0.74%,28,0.73%,28,0.71%,30,0.74%,29,0.71%,31,0.74%,32,0.73%,32,0.71%,32,0.70%,30,0.64%,31,0.63%,31,0.63%,31,0.61%,31,0.60%,31,0.59%,31,0.58%,32,0.59%,32,0.58%,34,0.60%,34,0.59%,30,0.51%,30,0.50%,32,0.52%,34,0.54%,36,0.56%,35,0.52%,36,0.53%,36,0.52%,36,0.51%,36,0.50%,42,0.53%,42,0.51%,44,0.49%,46,0.50%,46,0.48%,46,0.47%
ZAMBIZA,1,0.17%,1,0.17%,1,0.16%,1,0.16%,1,0.15%,1,0.15%,1,0.14%,1,0.13%,1,0.13%,1,0.12%,1,0.12%,1,0.12%,2,0.22%,3,0.30%,4,0.30%,5,0.35%,5,0.33%,5,0.31%,5,0.29%,5,0.29%,5,0.26%,5,0%,5,0.25%,5,0.24%,5,0.21%,5,0.21%,5,0.20%,5,0.20%,5,0.19%,5,0.19%,5,0.18%,6,0.18%,6,0.18%,6,0.17%,6,0.17%,6,0.16%,6,0.16%,6,0.15%,6,0.15%,6,0.15%,6,0.14%,6,0.14%,6,0.13%,6,0.13%,6,0.13%,6,0.12%,6,0.12%,6,0.12%,6,0.12%,6,0.11%,6,0.11%,6,0.11%,6,0.11%,6,0.11%,6,0.10%,6,0.10%,6,0.10%,6,0.10%,6,0.10%,6,0.09%,7,0.10%,8,0.12%,8,0.11%,8,0.11%,8,0.11%,11,0.14%,11,0.13%,13,0.15%,14,0.15%,15,0.16%,16,0.16%
PUENGASI,7,1.21%,8,1.32%,10,1.59%,10,1.59%,10,1.55%,10,1.48%,10,1.36%,10,1.28%,10,1.26%,10,1.22%,10,1.19%,10,1.15%,10,1.08%,14,1.41%,15,1.11%,16,1.13%,16,1.06%,16,1.00%,16,0.94%,17,0.98%,22,1.15%,22,1%,19,0.96%,20,0.97%,25,1.07%,25,1.07%,26,1.05%,26,1.03%,26,1.01%,26,0.97%,28,0.99%,32,0.96%,32,0.94%,33,0.93%,34,0.94%,35,0.93%,37,0.96%,37,0.94%,40,0.99%,43,1.05%,45,1.08%,46,1.05%,51,1.14%,54,1.17%,60,1.27%,60,1.22%,63,1.27%,77,1.52%,78,1.50%,79,1.51%,81,1.52%,81,1.48%,81,1.46%,82,1.45%,84,1.46%,90,1.52%,93,1.54%,93,1.51%,99,1.58%,99,1.53%,114,1.69%,116,1.69%,115,1.65%,116,1.64%,119,1.65%,127,1.60%,135,1.64%,156,1.75%,159,1.73%,174,1.80%,181,1.83%
CENTRO HISTORICO,12,2.07%,13,2.15%,16,2.55%,19,2.55%,21,3.25%,25,3.71%,26,3.53%,27,3.47%,27,3.40%,28,3.42%,29,3.45%,31,3.57%,39,4.21%,48,4.84%,71,5.26%,80,5.63%,89,5.91%,91,5.71%,99,5.83%,101,5.83%,120,6.27%,132,7%,131,6.59%,140,6.78%,163,6.98%,164,7.01%,167,6.72%,169,6.71%,171,6.62%,180,6.71%,186,6.55%,204,6.10%,206,6.05%,215,6.07%,225,6.21%,229,6.08%,231,5.99%,231,5.86%,242,5.99%,239,5.85%,252,6.05%,259,5.92%,263,5.87%,263,5.72%,269,5.71%,279,5.70%,280,5.66%,291,5.75%,294,5.67%,295,5.64%,305,5.72%,312,5.72%,315,5.69%,317,5.62%,318,5.52%,324,5.49%,333,5.50%,338,5.48%,345,5.49%,349,5.41%,354,5.25%,354,5.17%,363,5.20%,365,5.15%,369,5.11%,398,5.02%,419,5.08%,443,4.96%,445,4.84%,465,4.82%,470,4.76%
GUAMANI,21,3.63%,23,3.80%,24,3.83%,25,3.83%,27,4.18%,28,4.15%,29,3.94%,29,3.72%,30,3.78%,33,4.03%,35,4.16%,36,4.15%,37,4.00%,43,4.34%,60,4.44%,63,4.44%,64,4.25%,68,4.27%,70,4.12%,72,4.16%,82,4.29%,85,4%,85,4.28%,85,4.12%,102,4.37%,103,4.40%,110,4.43%,111,4.40%,119,4.61%,127,4.74%,145,5.11%,191,5.71%,195,5.73%,202,5.71%,209,5.76%,221,5.86%,227,5.88%,239,6.07%,237,5.86%,253,6.19%,255,6.12%,270,6.17%,273,6.10%,288,6.26%,294,6.24%,320,6.53%,324,6.55%,311,6.15%,323,6.23%,330,6.31%,335,6.29%,353,6.47%,354,6.39%,359,6.36%,368,6.38%,380,6.44%,399,6.59%,411,6.66%,416,6.63%,429,6.64%,452,6.70%,462,6.74%,465,6.66%,469,6.62%,474,6.57%,521,6.57%,535,6.48%,588,6.59%,599,6.52%,614,6.37%,632,6.40%
CARCELEN,15,2.59%,16,2.64%,16,2.55%,16,2.55%,16,2.48%,16,2.37%,16,2.17%,16,2.05%,16,2.02%,17,2.08%,17,2.02%,17,1.96%,17,1.84%,17,1.72%,24,1.78%,24,1.69%,25,1.66%,27,1.69%,28,1.65%,32,1.85%,31,1.62%,34,2%,34,1.71%,34,1.65%,35,1.50%,35,1.50%,36,1.45%,36,1.43%,37,1.43%,36,1.34%,42,1.48%,42,1.26%,42,1.23%,42,1.19%,41,1.13%,42,1.11%,42,1.09%,42,1.07%,42,1.04%,39,0.95%,42,1.01%,42,0.96%,42,0.94%,45,0.98%,47,1.00%,49,1.00%,49,0.99%,53,1.05%,54,1.04%,56,1.07%,57,1.07%,57,1.04%,58,1.05%,59,1.05%,59,1.02%,58,0.98%,57,0.94%,58,0.94%,61,0.97%,62,0.96%,63,0.93%,63,0.92%,68,0.97%,69,0.97%,72,1.00%,77,0.97%,83,1.01%,98,1.10%,105,1.14%,109,1.13%,116,1.17%
LA CONCEPCION,14,2.42%,14,2.31%,13,2.07%,13,2.07%,11,1.70%,11,1.63%,13,1.77%,13,1.67%,13,1.64%,13,1.59%,13,1.55%,13,1.50%,15,1.62%,16,1.61%,19,1.41%,19,1.34%,21,1.39%,21,1.32%,21,1.24%,22,1.27%,21,1.10%,21,1%,22,1.11%,24,1.16%,25,1.07%,25,1.07%,27,1.09%,27,1.07%,27,1.05%,27,1.01%,27,0.95%,31,0.93%,31,0.91%,31,0.88%,31,0.85%,31,0.82%,32,0.83%,33,0.84%,33,0.82%,33,0.81%,32,0.77%,32,0.73%,34,0.76%,35,0.76%,35,0.74%,36,0.73%,37,0.75%,40,0.79%,40,0.77%,41,0.78%,42,0.79%,43,0.79%,44,0.79%,43,0.76%,44,0.76%,46,0.78%,47,0.78%,49,0.79%,47,0.75%,48,0.74%,48,0.71%,47,0.69%,48,0.69%,48,0.68%,49,0.68%,52,0.66%,53,0.64%,54,0.61%,56,0.61%,59,0.61%,61,0.62%
COMITE DEL PUEBLO,7,1.21%,7,1.16%,7,1.12%,7,1.12%,7,1.08%,7,1.04%,7,0.95%,7,0.90%,7,0.88%,7,0.85%,7,0.83%,7,0.81%,7,0.76%,9,0.91%,14,1.04%,16,1.13%,18,1.19%,19,1.19%,22,1.30%,21,1.21%,21,1.10%,22,1%,25,1.26%,27,1.31%,35,1.50%,35,1.50%,36,1.45%,40,1.59%,40,1.55%,42,1.57%,42,1.48%,46,1.38%,47,1.38%,52,1.47%,55,1.52%,58,1.54%,58,1.50%,58,1.47%,60,1.48%,57,1.39%,58,1.39%,60,1.37%,62,1.38%,63,1.37%,64,1.36%,72,1.47%,71,1.44%,73,1.44%,73,1.41%,75,1.43%,76,1.43%,84,1.54%,84,1.52%,86,1.52%,91,1.58%,87,1.47%,88,1.45%,90,1.46%,91,1.45%,95,1.47%,106,1.57%,107,1.56%,113,1.62%,114,1.61%,117,1.62%,122,1.54%,127,1.54%,147,1.65%,150,1.63%,158,1.64%,160,1.62%
COTOGCHOA,,,,,1,0.16%,1,0.16%,1,0.15%,1,0.15%,1,0.14%,1,0.13%,1,0.13%,1,0.12%,1,0.12%,1,0.12%,1,0.11%,1,0.10%,2,0.15%,2,0.14%,2,0.13%,2,0.13%,2,0.12%,2,0.12%,2,0.10%,2,0%,2,0.10%,2,0.10%,2,0.09%,2,0.09%,2,0.08%,2,0.08%,2,0.08%,2,0.07%,2,0.07%,2,0.06%,2,0.06%,2,0.06%,2,0.06%,2,0.05%,2,0.05%,2,0.05%,2,0.05%,2,0.05%,2,0.05%,2,0.05%,2,0.04%,2,0.04%,2,0.04%,2,0.04%,3,0.06%,3,0.06%,3,0.06%,3,0.06%,3,0.06%,4,0.07%,4,0.07%,4,0.07%,4,0.07%,4,0.07%,4,0.07%,4,0.06%,5,0.08%,5,0.08%,5,0.07%,6,0.09%,7,0.10%,7,0.10%,8,0.11%,8,0.10%,8,0.10%,8,0.09%,8,0.09%,8,0.08%,9,0.09%
INDETERMINADO,,,,,24,3.83%,18,3.83%,16,2.48%,16,2.37%,25,3.40%,26,3.34%,26,3.27%,26,3.17%,29,3.45%,29,3.34%,18,1.94%,14,1.41%,14,1.04%,,,1,0.07%,13,0.82%,5,0.29%,4,0.23%,4,0.21%,1,0%,1,0.05%,2,0.10%,2,0.09%,2,0.09%,2,0.08%,2,0.08%,,,,,,,2,0.06%,2,0.06%,2,0.06%,2,0.06%,2,0.05%,2,0.05%,2,0.05%,2,0.05%,2,0.05%,2,0.05%,2,0.05%,1,0.02%,1,0.02%,,,,,,,1,0.02%,1,0.02%,1,0.02%,1,0.02%,1,0.02%,1,0.02%,1,0.02%,1,0.02%,1,0.02%,2,0.03%,2,0.03%,2,0.03%,2,0.03%,2,0.03%,2,0.03%,2,0.03%,2,0.03%,2,0.03%,2,0.03%,2,0.02%,2,0.02%,,,,,,
PACTO,,,,,,,,,,,1,0.15%,1,0.14%,1,0.13%,1,0.13%,1,0.12%,1,0.12%,1,0.12%,1,0.11%,1,0.10%,2,0.15%,2,0.14%,2,0.13%,2,0.13%,2,0.12%,2,0.12%,2,0.10%,2,0%,2,0.10%,2,0.10%,2,0.09%,2,0.09%,2,0.08%,2,0.08%,2,0.08%,2,0.07%,2,0.07%,2,0.06%,2,0.06%,2,0.06%,2,0.06%,2,0.05%,2,0.05%,2,0.05%,2,0.05%,2,0.05%,2,0.05%,2,0.05%,2,0.04%,2,0.04%,2,0.04%,2,0.04%,2,0.04%,2,0.04%,2,0.04%,2,0.04%,2,0.04%,2,0.04%,2,0.04%,2,0.04%,2,0.03%,2,0.03%,2,0.03%,2,0.03%,2,0.03%,2,0.03%,2,0.03%,2,0.03%,2,0.03%,2,0.03%,2,0.03%,3,0.04%,3,0.04%,3,0.03%,3,0.03%,3,0.03%,3,0.03%
PINTAG,,,,,,,,,,,1,0.15%,1,0.14%,1,0.13%,1,0.13%,1,0.12%,1,0.12%,1,0.12%,2,0.22%,3,0.30%,2,0.15%,2,0.14%,2,0.13%,5,0.31%,6,0.35%,6,0.35%,6,0.31%,6,0%,6,0.30%,6,0.29%,12,0.51%,12,0.51%,13,0.52%,13,0.52%,13,0.50%,13,0.48%,14,0.49%,18,0.54%,18,0.53%,22,0.62%,24,0.66%,24,0.64%,24,0.62%,25,0.63%,28,0.69%,35,0.86%,33,0.79%,35,0.80%,35,0.78%,35,0.76%,39,0.83%,37,0.76%,38,0.77%,35,0.69%,35,0.68%,36,0.69%,36,0.68%,34,0.62%,34,0.61%,35,0.62%,35,0.61%,38,0.64%,41,0.68%,47,0.76%,43,0.68%,44,0.68%,53,0.79%,53,0.77%,47,0.67%,50,0.71%,50,0.69%,67,0.84%,68,0.82%,68,0.76%,72,0.78%,72,0.75%,73,0.74%
LLANO CHICO,,,,,,,,,,,,,1,0.14%,1,0.13%,1,0.13%,1,0.12%,1,0.12%,1,0.12%,1,0.11%,1,0.10%,1,0.07%,1,0.07%,2,0.13%,2,0.13%,3,0.18%,4,0.23%,6,0.31%,6,0%,7,0.35%,8,0.39%,9,0.39%,9,0.38%,9,0.36%,9,0.36%,9,0.35%,10,0.37%,10,0.35%,13,0.39%,13,0.38%,13,0.37%,14,0.39%,14,0.37%,14,0.36%,14,0.36%,15,0.37%,15,0.37%,14,0.34%,16,0.37%,17,0.38%,19,0.41%,23,0.49%,21,0.43%,21,0.42%,22,0.43%,22,0.42%,23,0.44%,23,0.43%,22,0.40%,22,0.40%,23,0.41%,23,0.40%,25,0.42%,25,0.41%,26,0.42%,25,0.40%,26,0.40%,27,0.40%,27,0.39%,27,0.39%,28,0.40%,29,0.40%,35,0.44%,35,0.42%,39,0.44%,44,0.48%,45,0.47%,47,0.48%
PUERTO QUITO,,,,,,,,,,,,,,,1,0.13%,1,0.13%,1,0.12%,1,0.12%,2,0.23%,2,0.22%,2,0.20%,5,0.37%,5,0.35%,5,0.33%,5,0.31%,8,0.47%,8,0.46%,8,0.42%,8,0%,8,0.40%,9,0.44%,9,0.39%,9,0.38%,9,0.36%,11,0.44%,11,0.43%,11,0.41%,11,0.39%,11,0.33%,11,0.32%,11,0.31%,14,0.39%,15,0.40%,15,0.39%,16,0.41%,16,0.40%,16,0.39%,19,0.46%,20,0.46%,22,0.49%,22,0.48%,22,0.47%,22,0.45%,25,0.51%,26,0.51%,34,0.66%,34,0.65%,34,0.64%,34,0.62%,34,0.61%,34,0.60%,34,0.59%,34,0.58%,37,0.61%,37,0.60%,38,0.61%,38,0.59%,43,0.64%,44,0.64%,44,0.63%,44,0.62%,44,0.61%,44,0.55%,44,0.53%,49,0.55%,49,0.53%,52,0.54%,52,0.53%
GUANGOPOLO,,,,,,,,,,,,,,,,,,,,,,,,,1,0.11%,1,0.10%,1,0.07%,1,0.07%,1,0.07%,1,0.06%,1,0.06%,2,0.12%,2,0.10%,2,0%,2,0.10%,2,0.10%,2,0.09%,2,0.09%,2,0.08%,2,0.08%,2,0.08%,2,0.07%,2,0.07%,2,0.06%,2,0.06%,2,0.06%,3,0.08%,3,0.08%,3,0.08%,4,0.10%,4,0.10%,3,0.07%,4,0.10%,4,0.09%,5,0.11%,5,0.11%,5,0.11%,5,0.10%,5,0.10%,6,0.12%,6,0.12%,6,0.11%,6,0.11%,4,0.07%,4,0.07%,4,0.07%,4,0.07%,6,0.10%,4,0.07%,4,0.06%,4,0.06%,4,0.06%,5,0.07%,5,0.07%,6,0.09%,6,0.08%,6,0.08%,8,0.10%,8,0.10%,10,0.11%,10,0.11%,10,0.10%,10,0.10%
ALOASI,,,,,,,,,,,,,,,,,,,,,,,,,,,1,0.10%,1,0.07%,1,0.07%,1,0.07%,1,0.06%,1,0.06%,1,0.06%,1,0.05%,1,0%,1,0.05%,1,0.05%,1,0.04%,1,0.04%,1,0.04%,2,0.08%,2,0.08%,2,0.07%,3,0.11%,3,0.09%,3,0.09%,3,0.08%,3,0.08%,3,0.08%,3,0.08%,3,0.08%,5,0.12%,5,0.12%,5,0.12%,5,0.11%,5,0.11%,5,0.11%,5,0.11%,5,0.10%,5,0.10%,5,0.10%,5,0.10%,5,0.10%,9,0.17%,9,0.16%,9,0.16%,9,0.16%,9,0.16%,9,0.15%,9,0.15%,9,0.15%,9,0.14%,10,0.15%,11,0.16%,11,0.16%,11,0.16%,11,0.16%,11,0.15%,11,0.14%,11,0.13%,11,0.12%,19,0.21%,25,0.26%,25,0.25%
EL QUINCHE,,,,,,,,,,,,,,,,,,,,,,,,,,,,,2,0.15%,2,0.14%,2,0.13%,2,0.13%,4,0.24%,7,0.40%,5,0.26%,5,0%,6,0.30%,6,0.29%,5,0.21%,5,0.21%,5,0.20%,6,0.24%,6,0.23%,6,0.22%,6,0.21%,6,0.18%,6,0.18%,6,0.17%,6,0.17%,6,0.16%,6,0.16%,7,0.18%,10,0.25%,10,0.24%,9,0.22%,9,0.21%,9,0.20%,9,0.20%,9,0.19%,9,0.18%,9,0.18%,9,0.18%,9,0.17%,9,0.17%,9,0.17%,9,0.16%,9,0.16%,9,0.16%,9,0.16%,10,0.17%,10,0.17%,11,0.18%,10,0.16%,11,0.17%,11,0.16%,11,0.16%,11,0.16%,11,0.16%,11,0.15%,12,0.15%,14,0.17%,15,0.17%,15,0.16%,19,0.20%,19,0.19%
TAMBILLO,,,,,,,,,,,,,,,,,,,,,,,,,,,,,4,0.30%,5,0.35%,5,0.33%,5,0.31%,5,0.29%,5,0.29%,5,0.26%,5,0%,5,0.25%,5,0.24%,7,0.30%,7,0.30%,7,0.28%,7,0.28%,7,0.27%,7,0.26%,8,0.28%,9,0.27%,9,0.26%,11,0.31%,12,0.33%,12,0.32%,12,0.31%,12,0.30%,13,0.32%,13,0.32%,14,0.34%,14,0.32%,14,0.31%,15,0.33%,15,0.32%,16,0.33%,16,0.32%,18,0.36%,18,0.35%,18,0.34%,19,0.36%,19,0.35%,19,0.34%,20,0.35%,20,0.35%,20,0.34%,21,0.35%,21,0.34%,22,0.35%,22,0.34%,22,0.33%,22,0.32%,24,0.34%,24,0.34%,24,0.33%,24,0.30%,26,0.32%,27,0.30%,28,0.30%,29,0.30%,30,0.30%
SAN MIGUEL DE LOS BANCOS,,,,,,,,,,,,,,,,,,,,,,,,,,,,,1,0.07%,1,0.07%,1,0.07%,1,0.06%,1,0.06%,1,0.06%,1,0.05%,1,0%,1,0.05%,1,0.05%,2,0.09%,2,0.09%,2,0.08%,2,0.08%,2,0.08%,2,0.07%,2,0.07%,4,0.12%,4,0.12%,4,0.11%,4,0.11%,4,0.11%,4,0.10%,5,0.13%,6,0.15%,6,0.15%,7,0.17%,7,0.16%,7,0.16%,7,0.15%,7,0.15%,7,0.14%,7,0.14%,8,0.16%,8,0.15%,8,0.15%,8,0.15%,8,0.15%,8,0.14%,8,0.14%,8,0.14%,8,0.14%,8,0.13%,8,0.13%,8,0.13%,8,0.12%,9,0.13%,9,0.13%,9,0.13%,9,0.13%,9,0.12%,9,0.11%,9,0.11%,9,0.10%,9,0.10%,12,0.12%,12,0.12%
TUPIGACHI,,,,,,,,,,,,,,,,,,,,,,,,,,,,,,,,,,,1,0.06%,1,0.06%,1,0.06%,1,0.05%,1,0%,1,0.05%,1,0.05%,1,0.04%,1,0.04%,1,0.04%,1,0.04%,1,0.04%,1,0.04%,1,0.04%,1,0.03%,1,0.03%,1,0.03%,1,0.03%,1,0.03%,1,0.03%,1,0.03%,1,0.02%,1,0.02%,1,0.02%,1,0.02%,1,0.02%,1,0.02%,1,0.02%,1,0.02%,1,0.02%,1,0.02%,1,0.02%,1,0.02%,1,0.02%,1,0.02%,1,0.02%,1,0.02%,1,0.02%,1,0.02%,1,0.02%,1,0.02%,1,0.02%,1,0.02%,1,0.01%,1,0.01%,1,0.01%,1,0.01%,1,0.01%,1,0.01%,1,0.01%,3,0.03%,3,0.03%,3,0.03%,4,0.04%
LA ESPERANZA,,,,,,,,,,,,,,,,,,,,,,,,,,,,,,,,,,,,,2,0.12%,2,0.12%,3,0.16%,3,0%,3,0.15%,4,0.19%,4,0.17%,4,0.17%,4,0.16%,4,0.16%,4,0.15%,4,0.15%,4,0.14%,5,0.15%,5,0.15%,5,0.14%,5,0.14%,5,0.13%,5,0.13%,5,0.13%,5,0.12%,5,0.12%,5,0.12%,5,0.11%,5,0.11%,5,0.11%,5,0.11%,5,0.10%,5,0.10%,5,0.10%,6,0.12%,6,0.11%,6,0.11%,6,0.11%,6,0.11%,6,0.11%,6,0.10%,6,0.10%,6,0.10%,6,0.10%,6,0.10%,6,0.09%,6,0.09%,6,0.09%,6,0.09%,6,0.08%,6,0.08%,6,0.08%,6,0.07%,7,0.08%,7,0.08%,7,0.07%,7,0.07%
PUELLARO,,,,,,,,,,,,,,,,,,,,,,,,,,,,,,,,,,,,,,,1,0.06%,1,0.05%,1,0%,1,0.05%,1,0.05%,1,0.04%,1,0.04%,1,0.04%,1,0.04%,1,0.04%,1,0.04%,1,0.04%,1,0.03%,1,0.03%,1,0.03%,1,0.03%,1,0.03%,1,0.03%,2,0.05%,2,0.05%,2,0.05%,2,0.05%,2,0.05%,2,0.04%,2,0.04%,2,0.04%,1,0.02%,1,0.02%,2,0.04%,2,0.04%,2,0.04%,2,0.04%,1,0.02%,1,0.02%,1,0.02%,1,0.02%,2,0.03%,1,0.02%,1,0.02%,1,0.02%,1,0.02%,1,0.01%,1,0.01%,1,0.01%,1,0.01%,1,0.01%,2,0.03%,2,0.02%,2,0.02%,2,0.02%,2,0.02%,2,0.02%
LA MERCED,,,,,,,,,,,,,,,,,,,,,,,,,,,,,,,,,,,,,,,,,,,,,,,,,1,0.04%,1,0.04%,1,0.04%,1,0.04%,1,0.04%,1,0.04%,1,0.04%,1,0.03%,1,0.03%,1,0.03%,1,0.03%,1,0.03%,1,0.03%,1,0.03%,1,0.02%,1,0.02%,1,0.02%,2,0.05%,2,0.04%,2,0.04%,3,0.06%,3,0.06%,3,0.06%,3,0.06%,3,0.06%,3,0.06%,3,0.06%,3,0.05%,3,0.05%,3,0.05%,3,0.05%,2,0.03%,2,0.03%,2,0.03%,3,0.05%,3,0.05%,2,0.03%,2,0.03%,3,0.04%,3,0.04%,3,0.04%,5,0.06%,5,0.06%,6,0.07%,6,0.07%,7,0.07%,7,0.07%
CHAUPI,,,,,,,,,,,,,,,,,,,,,,,,,,,,,,,,,,,,,,,,,,,,,,,,,1,0.04%,1,0.04%,1,0.04%,1,0.04%,1,0.04%,1,0.04%,1,0.04%,2,0.06%,2,0.06%,2,0.06%,2,0.06%,2,0.05%,2,0.05%,2,0.05%,2,0.05%,2,0.05%,3,0.07%,3,0.07%,3,0.07%,3,0.07%,3,0.06%,3,0.06%,3,0.06%,4,0.08%,4,0.08%,4,0.08%,4,0.08%,4,0.07%,4,0.07%,5,0.09%,5,0.09%,5,0.08%,5,0.08%,5,0.08%,5,0.08%,5,0.08%,5,0.07%,5,0.07%,5,0.07%,5,0.07%,5,0.07%,5,0.06%,5,0.06%,5,0.06%,5,0.05%,5,0.05%,5,0.05%
OLMEDO,,,,,,,,,,,,,,,,,,,,,,,,,,,,,,,,,,,,,,,,,,,,,,,,,,,,,1,0.04%,1,0.04%,1,0.04%,1,0.04%,1,0.04%,1,0.03%,1,0.03%,1,0.03%,1,0.03%,1,0.03%,1,0.03%,1,0.03%,1,0.02%,1,0.02%,1,0.02%,1,0.02%,1,0.02%,1,0.02%,1,0.02%,1,0.02%,1,0.02%,1,0.02%,1,0.02%,1,0.02%,1,0.02%,1,0.02%,1,0.02%,1,0.02%,1,0.02%,1,0.02%,1,0.02%,1,0.02%,1,0.02%,1,0.02%,1,0.01%,1,0.01%,2,0.03%,2,0.03%,2,0.03%,2,0.03%,2,0.02%,2,0.02%,2,0.02%,2,0.02%,2,0.02%
SAN JOSE DE MINAS,,,,,,,,,,,,,,,,,,,,,,,,,,,,,,,,,,,,,,,,,,,,,,,,,,,,,1,0.04%,1,0.04%,1,0.04%,1,0.04%,1,0.04%,,,,,,,,,,,,,,,,,1,0.02%,1,0.02%,1,0.02%,1,0.02%,1,0.02%,1,0.02%,1,0.02%,1,0.02%,1,0.02%,1,0.02%,1,0.02%,1,0.02%,1,0.02%,1,0.02%,1,0.02%,1,0.02%,4,0.07%,4,0.07%,4,0.06%,4,0.06%,4,0.06%,6,0.09%,6,0.09%,6,0.09%,6,0.08%,6,0.08%,6,0.08%,6,0.07%,6,0.07%,6,0.07%,6,0.06%,7,0.07%
JUAN MONTALVO,,,,,,,,,,,,,,,,,,,,,,,,,,,,,,,,,,,,,,,,,,,,,,,,,,,,,,,,,,,,,,,1,0.03%,1,0.03%,1,0.03%,1,0.03%,1,0.03%,1,0.03%,1,0.03%,1,0.02%,1,0.02%,1,0.02%,1,0.02%,1,0.02%,1,0.02%,1,0.02%,1,0.02%,2,0.04%,2,0.04%,3,0.06%,3,0.06%,3,0.06%,3,0.05%,3,0.05%,3,0.05%,3,0.05%,3,0.05%,3,0.05%,3,0.05%,4,0.06%,4,0.06%,4,0.06%,4,0.06%,4,0.06%,4,0.06%,4,0.06%,4,0.05%,4,0.05%,5,0.06%,5,0.05%,5,0.05%,6,0.06%
TOCACHI,,,,,,,,,,,,,,,,,,,,,,,,,,,,,,,,,,,,,,,,,,,,,,,,,,,,,,,,,,,,,,,1,0.03%,1,0.03%,1,0.03%,1,0.03%,1,0.03%,1,0.03%,1,0.03%,1,0.02%,1,0.02%,1,0.02%,1,0.02%,1,0.02%,1,0.02%,1,0.02%,1,0.02%,1,0.02%,1,0.02%,1,0.02%,1,0.02%,1,0.02%,1,0.02%,1,0.02%,1,0.02%,1,0.02%,1,0.02%,1,0.02%,1,0.02%,1,0.02%,1,0.02%,1,0.01%,1,0.01%,1,0.01%,1,0.01%,1,0.01%,1,0.01%,1,0.01%,1,0.01%,1,0.01%,1,0.01%,1,0.01%
ASCAZUBI,,,,,,,,,,,,,,,,,,,,,,,,,,,,,,,,,,,,,,,,,,,,,,,,,,,,,,,,,,,,,,,,,,,1,0.03%,1,0.03%,1,0.03%,1,0.03%,1,0.03%,2,0.05%,2,0.05%,2,0.05%,3,0.07%,3,0.07%,3,0.07%,3,0.06%,3,0.06%,4,0.08%,3,0.06%,3,0.06%,4,0.08%,4,0.08%,4,0.07%,5,0.09%,4,0.07%,4,0.07%,4,0.07%,6,0.10%,7,0.11%,7,0.11%,7,0.11%,7,0.10%,7,0.10%,7,0.10%,7,0.10%,7,0.10%,9,0.11%,9,0.11%,10,0.11%,10,0.11%,10,0.10%,10,0.10%
CANGAHUA,,,,,,,,,,,,,,,,,,,,,,,,,,,,,,,,,,,,,,,,,,,,,,,,,,,,,,,,,,,,,,,,,,,,,,,1,0.03%,1,0.03%,2,0.05%,2,0.05%,2,0.05%,2,0.05%,2,0.05%,2,0.04%,2,0.04%,2,0.04%,2,0.04%,2,0.04%,2,0.04%,2,0.04%,2,0.04%,2,0.04%,2,0.04%,2,0.04%,2,0.04%,2,0.03%,2,0.03%,2,0.03%,2,0.03%,2,0.03%,2,0.03%,2,0.03%,2,0.03%,3,0.04%,3,0.04%,3,0.04%,4,0.05%,4,0.05%,4,0.04%,4,0.04%,5,0.05%,6,0.06%
SANTA ROSA DE CUZUBAMBA,,,,,,,,,,,,,,,,,,,,,,,,,,,,,,,,,,,,,,,,,,,,,,,,,,,,,,,,,,,,,,,,,,,,,,,,,,,,,1,0.02%,1,0.02%,1,0.02%,1,0.02%,1,0.02%,1,0.02%,1,0.02%,1,0.02%,1,0.02%,1,0.02%,1,0.02%,1,0.02%,1,0.02%,1,0.02%,1,0.02%,1,0.02%,1,0.02%,1,0.02%,1,0.02%,1,0.02%,1,0.02%,1,0.02%,1,0.01%,1,0.01%,1,0.01%,1,0.01%,1,0.01%,1,0.01%,1,0.01%,3,0.03%,3,0.03%,3,0.03%,3,0.03%
LLOA,,,,,,,,,,,,,,,,,,,,,,,,,,,,,,,,,,,,,,,,,,,,,,,,,,,,,,,,,,,,,,,,,,,,,,,,,,,,,,,1,0.02%,1,0.02%,1,0.02%,1,0.02%,1,0.02%,1,0.02%,1,0.02%,1,0.02%,1,0.02%,1,0.02%,1,0.02%,1,0.02%,1,0.02%,1,0.02%,1,0.02%,1,0.02%,1,0.02%,2,0.03%,2,0.03%,2,0.03%,2,0.03%,2,0.03%,2,0.03%,2,0.03%,2,0.03%,2,0.03%,3,0.04%,3,0.04%,4,0.04%,5,0.05%,6,0.06%,6,0.06%
AYORA,,,,,,,,,,,,,,,,,,,,,,,,,,,,,,,,,,,,,,,,,,,,,,,,,,,,,,,,,,,,,,,,,,,,,,,,,,,,,,,,,,,,,,,,,,,,,,,,,,,,,,,,,,,,,,,,,,,,,,,,,,,,,1,0.01%,1,0.01%,1,0.01%,2,0.03%,3,0.04%,3,0.03%,3,0.03%,3,0.03%,3,0.03%
UYUMBICHO,,,,,,,,,,,,,,,,,,,,,,,,,,,,,,,,,,,,,,,,,,,,,,,,,,,,,,,,,,,,,,,,,,,,,,,,,,,,,,,,,,,,,,,,,,,,,,,,,,,,,,,,,,,,,,,,,,,,,,,,,,,,,,,,,,,,,,,1,0.01%,1,0.01%,3,0.03%,3,0.03%
MINDO,,,,,,,,,,,,,,,,,,,,,,,,,,,,,,,,,,,,,,,,,,,,,,,,,,,,,,,,,,,,,,,,,,,,,,,,,,,,,,,,,,,,,,,,,,,,,,,,,,,,,,,,,,,,,,,,,,,,,,,,,,,,,,,,,,,,,,,,,,,3,0.03%,3,0.03%
